,rank,name,year,month,bat_avg,at_bat,steerman,score,safety,stroke2,stroke3,homer,ruta,RBI,theft,dormitory,walk,dune,high4,fan,disease,heeta,happiness,on_base,long_hit,OPS
0,1,SK,08,3월,.282,5003,4332,632,1222,215,23,89,1750,591,170,83,491,62,15,735,99,80,38,.361,.404,.765
1,2,롯데,08,3월,.282,4890,4256,624,1200,199,22,93,1722,590,133,68,445,76,13,728,97,62,51,.357,.405,.761
2,3,두산,08,3월,.276,4975,4344,647,1198,166,37,68,1642,598,189,63,472,78,23,719,115,36,44,.354,.378,.732
3,4,히어로즈,08,3월,.266,4834,4317,499,1149,190,19,70,1587,471,97,57,396,37,20,713,114,51,33,.331,.368,.698
4,5,KIA,08,3월,.260,4832,4210,503,1095,188,28,48,1483,465,131,65,453,48,14,642,97,85,35,.336,.352,.689
5,6,삼성,08,3월,.258,4859,4180,557,1078,187,15,92,1571,520,59,37,505,65,15,699,115,70,38,.344,.376,.720
6,7,LG,08,3월,.256,4743,4184,468,1070,164,23,66,1478,447,111,45,364,59,6,765,90,85,50,.321,.353,.674
7,8,한화,08,3월,.254,4882,4275,592,1086,204,20,120,1690,566,97,25,463,57,17,770,100,52,35,.333,.395,.728
8,1,SK,08,4월,.282,5003,4332,632,1222,215,23,89,1750,591,170,83,491,62,15,735,99,80,38,.361,.404,.765
9,2,롯데,08,4월,.282,4890,4256,624,1200,199,22,93,1722,590,133,68,445,76,13,728,97,62,51,.357,.405,.761
10,3,두산,08,4월,.276,4975,4344,647,1198,166,37,68,1642,598,189,63,472,78,23,719,115,36,44,.354,.378,.732
11,4,히어로즈,08,4월,.266,4834,4317,499,1149,190,19,70,1587,471,97,57,396,37,20,713,114,51,33,.331,.368,.698
12,5,KIA,08,4월,.260,4832,4210,503,1095,188,28,48,1483,465,131,65,453,48,14,642,97,85,35,.336,.352,.689
13,6,삼성,08,4월,.258,4859,4180,557,1078,187,15,92,1571,520,59,37,505,65,15,699,115,70,38,.344,.376,.720
14,7,LG,08,4월,.256,4743,4184,468,1070,164,23,66,1478,447,111,45,364,59,6,765,90,85,50,.321,.353,.674
15,8,한화,08,4월,.254,4882,4275,592,1086,204,20,120,1690,566,97,25,463,57,17,770,100,52,35,.333,.395,.728
16,1,SK,08,5월,.282,5003,4332,632,1222,215,23,89,1750,591,170,83,491,62,15,735,99,80,38,.361,.404,.765
17,2,롯데,08,5월,.282,4890,4256,624,1200,199,22,93,1722,590,133,68,445,76,13,728,97,62,51,.357,.405,.761
18,3,두산,08,5월,.276,4975,4344,647,1198,166,37,68,1642,598,189,63,472,78,23,719,115,36,44,.354,.378,.732
19,4,히어로즈,08,5월,.266,4834,4317,499,1149,190,19,70,1587,471,97,57,396,37,20,713,114,51,33,.331,.368,.698
20,5,KIA,08,5월,.260,4832,4210,503,1095,188,28,48,1483,465,131,65,453,48,14,642,97,85,35,.336,.352,.689
21,6,삼성,08,5월,.258,4859,4180,557,1078,187,15,92,1571,520,59,37,505,65,15,699,115,70,38,.344,.376,.720
22,7,LG,08,5월,.256,4743,4184,468,1070,164,23,66,1478,447,111,45,364,59,6,765,90,85,50,.321,.353,.674
23,8,한화,08,5월,.254,4882,4275,592,1086,204,20,120,1690,566,97,25,463,57,17,770,100,52,35,.333,.395,.728
24,1,SK,08,6월,.282,5003,4332,632,1222,215,23,89,1750,591,170,83,491,62,15,735,99,80,38,.361,.404,.765
25,2,롯데,08,6월,.282,4890,4256,624,1200,199,22,93,1722,590,133,68,445,76,13,728,97,62,51,.357,.405,.761
26,3,두산,08,6월,.276,4975,4344,647,1198,166,37,68,1642,598,189,63,472,78,23,719,115,36,44,.354,.378,.732
27,4,히어로즈,08,6월,.266,4834,4317,499,1149,190,19,70,1587,471,97,57,396,37,20,713,114,51,33,.331,.368,.698
28,5,KIA,08,6월,.260,4832,4210,503,1095,188,28,48,1483,465,131,65,453,48,14,642,97,85,35,.336,.352,.689
29,6,삼성,08,6월,.258,4859,4180,557,1078,187,15,92,1571,520,59,37,505,65,15,699,115,70,38,.344,.376,.720
30,7,LG,08,6월,.256,4743,4184,468,1070,164,23,66,1478,447,111,45,364,59,6,765,90,85,50,.321,.353,.674
31,8,한화,08,6월,.254,4882,4275,592,1086,204,20,120,1690,566,97,25,463,57,17,770,100,52,35,.333,.395,.728
32,1,SK,08,7월,.282,5003,4332,632,1222,215,23,89,1750,591,170,83,491,62,15,735,99,80,38,.361,.404,.765
33,2,롯데,08,7월,.282,4890,4256,624,1200,199,22,93,1722,590,133,68,445,76,13,728,97,62,51,.357,.405,.761
34,3,두산,08,7월,.276,4975,4344,647,1198,166,37,68,1642,598,189,63,472,78,23,719,115,36,44,.354,.378,.732
35,4,히어로즈,08,7월,.266,4834,4317,499,1149,190,19,70,1587,471,97,57,396,37,20,713,114,51,33,.331,.368,.698
36,5,KIA,08,7월,.260,4832,4210,503,1095,188,28,48,1483,465,131,65,453,48,14,642,97,85,35,.336,.352,.689
37,6,삼성,08,7월,.258,4859,4180,557,1078,187,15,92,1571,520,59,37,505,65,15,699,115,70,38,.344,.376,.720
38,7,LG,08,7월,.256,4743,4184,468,1070,164,23,66,1478,447,111,45,364,59,6,765,90,85,50,.321,.353,.674
39,8,한화,08,7월,.254,4882,4275,592,1086,204,20,120,1690,566,97,25,463,57,17,770,100,52,35,.333,.395,.728
40,1,SK,08,8월,.282,5003,4332,632,1222,215,23,89,1750,591,170,83,491,62,15,735,99,80,38,.361,.404,.765
41,2,롯데,08,8월,.282,4890,4256,624,1200,199,22,93,1722,590,133,68,445,76,13,728,97,62,51,.357,.405,.761
42,3,두산,08,8월,.276,4975,4344,647,1198,166,37,68,1642,598,189,63,472,78,23,719,115,36,44,.354,.378,.732
43,4,히어로즈,08,8월,.266,4834,4317,499,1149,190,19,70,1587,471,97,57,396,37,20,713,114,51,33,.331,.368,.698
44,5,KIA,08,8월,.260,4832,4210,503,1095,188,28,48,1483,465,131,65,453,48,14,642,97,85,35,.336,.352,.689
45,6,삼성,08,8월,.258,4859,4180,557,1078,187,15,92,1571,520,59,37,505,65,15,699,115,70,38,.344,.376,.720
46,7,LG,08,8월,.256,4743,4184,468,1070,164,23,66,1478,447,111,45,364,59,6,765,90,85,50,.321,.353,.674
47,8,한화,08,8월,.254,4882,4275,592,1086,204,20,120,1690,566,97,25,463,57,17,770,100,52,35,.333,.395,.728
48,1,SK,08,9월,.282,5003,4332,632,1222,215,23,89,1750,591,170,83,491,62,15,735,99,80,38,.361,.404,.765
49,2,롯데,08,9월,.282,4890,4256,624,1200,199,22,93,1722,590,133,68,445,76,13,728,97,62,51,.357,.405,.761
50,3,두산,08,9월,.276,4975,4344,647,1198,166,37,68,1642,598,189,63,472,78,23,719,115,36,44,.354,.378,.732
51,4,히어로즈,08,9월,.266,4834,4317,499,1149,190,19,70,1587,471,97,57,396,37,20,713,114,51,33,.331,.368,.698
52,5,KIA,08,9월,.260,4832,4210,503,1095,188,28,48,1483,465,131,65,453,48,14,642,97,85,35,.336,.352,.689
53,6,삼성,08,9월,.258,4859,4180,557,1078,187,15,92,1571,520,59,37,505,65,15,699,115,70,38,.344,.376,.720
54,7,LG,08,9월,.256,4743,4184,468,1070,164,23,66,1478,447,111,45,364,59,6,765,90,85,50,.321,.353,.674
55,8,한화,08,9월,.254,4882,4275,592,1086,204,20,120,1690,566,97,25,463,57,17,770,100,52,35,.333,.395,.728
56,1,SK,09,3월,.285,5379,4574,732,1303,235,17,166,2070,693,181,68,552,84,16,892,103,128,40,.369,.453,.822
57,2,두산,09,3월,.280,5265,4591,722,1286,215,33,120,1927,669,129,50,522,86,21,849,128,26,40,.362,.420,.781
58,3,LG,09,3월,.278,5248,4505,670,1251,182,21,129,1862,627,141,47,552,49,28,781,124,97,45,.360,.413,.773
59,4,롯데,09,3월,.277,5053,4420,637,1223,252,15,121,1868,597,106,45,456,68,8,816,121,60,49,.350,.423,.773
60,5,삼성,09,3월,.275,5220,4459,685,1224,233,15,146,1925,650,125,50,584,67,23,789,108,67,43,.364,.432,.796
61,6,히어로즈,09,3월,.272,5211,4486,683,1219,228,20,153,1946,650,192,67,547,63,22,905,116,64,48,.356,.434,.789
62,7,한화,09,3월,.269,5273,4620,657,1241,210,13,164,1969,629,69,20,498,81,16,1017,126,43,31,.348,.426,.774
63,8,KIA,09,3월,.267,5215,4455,706,1191,197,24,156,1904,671,113,52,579,66,26,890,111,74,41,.357,.427,.785
64,1,SK,09,4월,.285,5379,4574,732,1303,235,17,166,2070,693,181,68,552,84,16,892,103,128,40,.369,.453,.822
65,2,두산,09,4월,.280,5265,4591,722,1286,215,33,120,1927,669,129,50,522,86,21,849,128,26,40,.362,.420,.781
66,3,LG,09,4월,.278,5248,4505,670,1251,182,21,129,1862,627,141,47,552,49,28,781,124,97,45,.360,.413,.773
67,4,롯데,09,4월,.277,5053,4420,637,1223,252,15,121,1868,597,106,45,456,68,8,816,121,60,49,.350,.423,.773
68,5,삼성,09,4월,.275,5220,4459,685,1224,233,15,146,1925,650,125,50,584,67,23,789,108,67,43,.364,.432,.796
69,6,히어로즈,09,4월,.272,5211,4486,683,1219,228,20,153,1946,650,192,67,547,63,22,905,116,64,48,.356,.434,.789
70,7,한화,09,4월,.269,5273,4620,657,1241,210,13,164,1969,629,69,20,498,81,16,1017,126,43,31,.348,.426,.774
71,8,KIA,09,4월,.267,5215,4455,706,1191,197,24,156,1904,671,113,52,579,66,26,890,111,74,41,.357,.427,.785
72,1,SK,09,5월,.285,5379,4574,732,1303,235,17,166,2070,693,181,68,552,84,16,892,103,128,40,.369,.453,.822
73,2,두산,09,5월,.280,5265,4591,722,1286,215,33,120,1927,669,129,50,522,86,21,849,128,26,40,.362,.420,.781
74,3,LG,09,5월,.278,5248,4505,670,1251,182,21,129,1862,627,141,47,552,49,28,781,124,97,45,.360,.413,.773
75,4,롯데,09,5월,.277,5053,4420,637,1223,252,15,121,1868,597,106,45,456,68,8,816,121,60,49,.350,.423,.773
76,5,삼성,09,5월,.275,5220,4459,685,1224,233,15,146,1925,650,125,50,584,67,23,789,108,67,43,.364,.432,.796
77,6,히어로즈,09,5월,.272,5211,4486,683,1219,228,20,153,1946,650,192,67,547,63,22,905,116,64,48,.356,.434,.789
78,7,한화,09,5월,.269,5273,4620,657,1241,210,13,164,1969,629,69,20,498,81,16,1017,126,43,31,.348,.426,.774
79,8,KIA,09,5월,.267,5215,4455,706,1191,197,24,156,1904,671,113,52,579,66,26,890,111,74,41,.357,.427,.785
80,1,SK,09,6월,.285,5379,4574,732,1303,235,17,166,2070,693,181,68,552,84,16,892,103,128,40,.369,.453,.822
81,2,두산,09,6월,.280,5265,4591,722,1286,215,33,120,1927,669,129,50,522,86,21,849,128,26,40,.362,.420,.781
82,3,LG,09,6월,.278,5248,4505,670,1251,182,21,129,1862,627,141,47,552,49,28,781,124,97,45,.360,.413,.773
83,4,롯데,09,6월,.277,5053,4420,637,1223,252,15,121,1868,597,106,45,456,68,8,816,121,60,49,.350,.423,.773
84,5,삼성,09,6월,.275,5220,4459,685,1224,233,15,146,1925,650,125,50,584,67,23,789,108,67,43,.364,.432,.796
85,6,히어로즈,09,6월,.272,5211,4486,683,1219,228,20,153,1946,650,192,67,547,63,22,905,116,64,48,.356,.434,.789
86,7,한화,09,6월,.269,5273,4620,657,1241,210,13,164,1969,629,69,20,498,81,16,1017,126,43,31,.348,.426,.774
87,8,KIA,09,6월,.267,5215,4455,706,1191,197,24,156,1904,671,113,52,579,66,26,890,111,74,41,.357,.427,.785
88,1,SK,09,7월,.285,5379,4574,732,1303,235,17,166,2070,693,181,68,552,84,16,892,103,128,40,.369,.453,.822
89,2,두산,09,7월,.280,5265,4591,722,1286,215,33,120,1927,669,129,50,522,86,21,849,128,26,40,.362,.420,.781
90,3,LG,09,7월,.278,5248,4505,670,1251,182,21,129,1862,627,141,47,552,49,28,781,124,97,45,.360,.413,.773
91,4,롯데,09,7월,.277,5053,4420,637,1223,252,15,121,1868,597,106,45,456,68,8,816,121,60,49,.350,.423,.773
92,5,삼성,09,7월,.275,5220,4459,685,1224,233,15,146,1925,650,125,50,584,67,23,789,108,67,43,.364,.432,.796
93,6,히어로즈,09,7월,.272,5211,4486,683,1219,228,20,153,1946,650,192,67,547,63,22,905,116,64,48,.356,.434,.789
94,7,한화,09,7월,.269,5273,4620,657,1241,210,13,164,1969,629,69,20,498,81,16,1017,126,43,31,.348,.426,.774
95,8,KIA,09,7월,.267,5215,4455,706,1191,197,24,156,1904,671,113,52,579,66,26,890,111,74,41,.357,.427,.785
96,1,SK,09,8월,.285,5379,4574,732,1303,235,17,166,2070,693,181,68,552,84,16,892,103,128,40,.369,.453,.822
97,2,두산,09,8월,.280,5265,4591,722,1286,215,33,120,1927,669,129,50,522,86,21,849,128,26,40,.362,.420,.781
98,3,LG,09,8월,.278,5248,4505,670,1251,182,21,129,1862,627,141,47,552,49,28,781,124,97,45,.360,.413,.773
99,4,롯데,09,8월,.277,5053,4420,637,1223,252,15,121,1868,597,106,45,456,68,8,816,121,60,49,.350,.423,.773
100,5,삼성,09,8월,.275,5220,4459,685,1224,233,15,146,1925,650,125,50,584,67,23,789,108,67,43,.364,.432,.796
101,6,히어로즈,09,8월,.272,5211,4486,683,1219,228,20,153,1946,650,192,67,547,63,22,905,116,64,48,.356,.434,.789
102,7,한화,09,8월,.269,5273,4620,657,1241,210,13,164,1969,629,69,20,498,81,16,1017,126,43,31,.348,.426,.774
103,8,KIA,09,8월,.267,5215,4455,706,1191,197,24,156,1904,671,113,52,579,66,26,890,111,74,41,.357,.427,.785
104,1,SK,09,9월,.285,5379,4574,732,1303,235,17,166,2070,693,181,68,552,84,16,892,103,128,40,.369,.453,.822
105,2,두산,09,9월,.280,5265,4591,722,1286,215,33,120,1927,669,129,50,522,86,21,849,128,26,40,.362,.420,.781
106,3,LG,09,9월,.278,5248,4505,670,1251,182,21,129,1862,627,141,47,552,49,28,781,124,97,45,.360,.413,.773
107,4,롯데,09,9월,.277,5053,4420,637,1223,252,15,121,1868,597,106,45,456,68,8,816,121,60,49,.350,.423,.773
108,5,삼성,09,9월,.275,5220,4459,685,1224,233,15,146,1925,650,125,50,584,67,23,789,108,67,43,.364,.432,.796
109,6,히어로즈,09,9월,.272,5211,4486,683,1219,228,20,153,1946,650,192,67,547,63,22,905,116,64,48,.356,.434,.789
110,7,한화,09,9월,.269,5273,4620,657,1241,210,13,164,1969,629,69,20,498,81,16,1017,126,43,31,.348,.426,.774
111,8,KIA,09,9월,.267,5215,4455,706,1191,197,24,156,1904,671,113,52,579,66,26,890,111,74,41,.357,.427,.785
112,1,롯데,10,3월,.288,5261,4673,773,1345,220,16,185,2152,739,124,51,420,67,15,873,105,60,41,.352,.461,.813
113,2,두산,10,3월,.281,5252,4538,731,1276,224,25,149,1997,706,128,61,533,89,27,834,97,54,38,.365,.440,.805
114,3,LG,10,3월,.276,5270,4604,688,1270,223,17,121,1890,652,169,56,486,54,25,907,97,82,44,.349,.411,.759
115,4,SK,10,3월,.274,5213,4439,704,1217,222,16,120,1831,648,161,69,484,99,25,813,86,147,44,.355,.412,.768
116,5,삼성,10,3월,.272,5287,4436,681,1207,212,14,118,1801,630,158,55,621,75,29,916,111,111,44,.368,.406,.774
117,6,넥센,10,3월,.262,5139,4452,570,1165,199,20,87,1665,539,135,56,480,68,16,874,119,95,43,.340,.374,.714
118,7,KIA,10,3월,.260,5166,4416,611,1148,190,17,106,1690,574,117,52,523,85,14,865,110,109,33,.347,.383,.730
119,8,한화,10,3월,.244,5009,4321,543,1053,160,13,104,1551,508,121,70,497,80,10,943,106,75,33,.331,.359,.690
120,1,롯데,10,4월,.288,5261,4673,773,1345,220,16,185,2152,739,124,51,420,67,15,873,105,60,41,.352,.461,.813
121,2,두산,10,4월,.281,5252,4538,731,1276,224,25,149,1997,706,128,61,533,89,27,834,97,54,38,.365,.440,.805
122,3,LG,10,4월,.276,5270,4604,688,1270,223,17,121,1890,652,169,56,486,54,25,907,97,82,44,.349,.411,.759
123,4,SK,10,4월,.274,5213,4439,704,1217,222,16,120,1831,648,161,69,484,99,25,813,86,147,44,.355,.412,.768
124,5,삼성,10,4월,.272,5287,4436,681,1207,212,14,118,1801,630,158,55,621,75,29,916,111,111,44,.368,.406,.774
125,6,넥센,10,4월,.262,5139,4452,570,1165,199,20,87,1665,539,135,56,480,68,16,874,119,95,43,.340,.374,.714
126,7,KIA,10,4월,.260,5166,4416,611,1148,190,17,106,1690,574,117,52,523,85,14,865,110,109,33,.347,.383,.730
127,8,한화,10,4월,.244,5009,4321,543,1053,160,13,104,1551,508,121,70,497,80,10,943,106,75,33,.331,.359,.690
128,1,롯데,10,5월,.288,5261,4673,773,1345,220,16,185,2152,739,124,51,420,67,15,873,105,60,41,.352,.461,.813
129,2,두산,10,5월,.281,5252,4538,731,1276,224,25,149,1997,706,128,61,533,89,27,834,97,54,38,.365,.440,.805
130,3,LG,10,5월,.276,5270,4604,688,1270,223,17,121,1890,652,169,56,486,54,25,907,97,82,44,.349,.411,.759
131,4,SK,10,5월,.274,5213,4439,704,1217,222,16,120,1831,648,161,69,484,99,25,813,86,147,44,.355,.412,.768
132,5,삼성,10,5월,.272,5287,4436,681,1207,212,14,118,1801,630,158,55,621,75,29,916,111,111,44,.368,.406,.774
133,6,넥센,10,5월,.262,5139,4452,570,1165,199,20,87,1665,539,135,56,480,68,16,874,119,95,43,.340,.374,.714
134,7,KIA,10,5월,.260,5166,4416,611,1148,190,17,106,1690,574,117,52,523,85,14,865,110,109,33,.347,.383,.730
135,8,한화,10,5월,.244,5009,4321,543,1053,160,13,104,1551,508,121,70,497,80,10,943,106,75,33,.331,.359,.690
136,1,롯데,10,6월,.288,5261,4673,773,1345,220,16,185,2152,739,124,51,420,67,15,873,105,60,41,.352,.461,.813
137,2,두산,10,6월,.281,5252,4538,731,1276,224,25,149,1997,706,128,61,533,89,27,834,97,54,38,.365,.440,.805
138,3,LG,10,6월,.276,5270,4604,688,1270,223,17,121,1890,652,169,56,486,54,25,907,97,82,44,.349,.411,.759
139,4,SK,10,6월,.274,5213,4439,704,1217,222,16,120,1831,648,161,69,484,99,25,813,86,147,44,.355,.412,.768
140,5,삼성,10,6월,.272,5287,4436,681,1207,212,14,118,1801,630,158,55,621,75,29,916,111,111,44,.368,.406,.774
141,6,넥센,10,6월,.262,5139,4452,570,1165,199,20,87,1665,539,135,56,480,68,16,874,119,95,43,.340,.374,.714
142,7,KIA,10,6월,.260,5166,4416,611,1148,190,17,106,1690,574,117,52,523,85,14,865,110,109,33,.347,.383,.730
143,8,한화,10,6월,.244,5009,4321,543,1053,160,13,104,1551,508,121,70,497,80,10,943,106,75,33,.331,.359,.690
144,1,롯데,10,7월,.288,5261,4673,773,1345,220,16,185,2152,739,124,51,420,67,15,873,105,60,41,.352,.461,.813
145,2,두산,10,7월,.281,5252,4538,731,1276,224,25,149,1997,706,128,61,533,89,27,834,97,54,38,.365,.440,.805
146,3,LG,10,7월,.276,5270,4604,688,1270,223,17,121,1890,652,169,56,486,54,25,907,97,82,44,.349,.411,.759
147,4,SK,10,7월,.274,5213,4439,704,1217,222,16,120,1831,648,161,69,484,99,25,813,86,147,44,.355,.412,.768
148,5,삼성,10,7월,.272,5287,4436,681,1207,212,14,118,1801,630,158,55,621,75,29,916,111,111,44,.368,.406,.774
149,6,넥센,10,7월,.262,5139,4452,570,1165,199,20,87,1665,539,135,56,480,68,16,874,119,95,43,.340,.374,.714
150,7,KIA,10,7월,.260,5166,4416,611,1148,190,17,106,1690,574,117,52,523,85,14,865,110,109,33,.347,.383,.730
151,8,한화,10,7월,.244,5009,4321,543,1053,160,13,104,1551,508,121,70,497,80,10,943,106,75,33,.331,.359,.690
152,1,롯데,10,8월,.288,5261,4673,773,1345,220,16,185,2152,739,124,51,420,67,15,873,105,60,41,.352,.461,.813
153,2,두산,10,8월,.281,5252,4538,731,1276,224,25,149,1997,706,128,61,533,89,27,834,97,54,38,.365,.440,.805
154,3,LG,10,8월,.276,5270,4604,688,1270,223,17,121,1890,652,169,56,486,54,25,907,97,82,44,.349,.411,.759
155,4,SK,10,8월,.274,5213,4439,704,1217,222,16,120,1831,648,161,69,484,99,25,813,86,147,44,.355,.412,.768
156,5,삼성,10,8월,.272,5287,4436,681,1207,212,14,118,1801,630,158,55,621,75,29,916,111,111,44,.368,.406,.774
157,6,넥센,10,8월,.262,5139,4452,570,1165,199,20,87,1665,539,135,56,480,68,16,874,119,95,43,.340,.374,.714
158,7,KIA,10,8월,.260,5166,4416,611,1148,190,17,106,1690,574,117,52,523,85,14,865,110,109,33,.347,.383,.730
159,8,한화,10,8월,.244,5009,4321,543,1053,160,13,104,1551,508,121,70,497,80,10,943,106,75,33,.331,.359,.690
160,1,롯데,10,9월,.288,5261,4673,773,1345,220,16,185,2152,739,124,51,420,67,15,873,105,60,41,.352,.461,.813
161,2,두산,10,9월,.281,5252,4538,731,1276,224,25,149,1997,706,128,61,533,89,27,834,97,54,38,.365,.440,.805
162,3,LG,10,9월,.276,5270,4604,688,1270,223,17,121,1890,652,169,56,486,54,25,907,97,82,44,.349,.411,.759
163,4,SK,10,9월,.274,5213,4439,704,1217,222,16,120,1831,648,161,69,484,99,25,813,86,147,44,.355,.412,.768
164,5,삼성,10,9월,.272,5287,4436,681,1207,212,14,118,1801,630,158,55,621,75,29,916,111,111,44,.368,.406,.774
165,6,넥센,10,9월,.262,5139,4452,570,1165,199,20,87,1665,539,135,56,480,68,16,874,119,95,43,.340,.374,.714
166,7,KIA,10,9월,.260,5166,4416,611,1148,190,17,106,1690,574,117,52,523,85,14,865,110,109,33,.347,.383,.730
167,8,한화,10,9월,.244,5009,4321,543,1053,160,13,104,1551,508,121,70,497,80,10,943,106,75,33,.331,.359,.690
168,1,롯데,11,3월,.288,5234,4599,713,1324,226,30,111,1943,666,112,58,466,64,19,836,124,61,44,.358,.422,.781
169,2,두산,11,3월,.271,5204,4498,614,1221,196,27,92,1747,578,130,57,513,81,17,799,118,73,39,.354,.388,.742
170,3,KIA,11,3월,.269,5129,4373,627,1177,204,15,106,1729,597,113,38,554,59,11,782,110,109,34,.357,.395,.752
171,4,LG,11,3월,.266,5158,4522,579,1203,192,15,94,1707,539,116,52,463,49,15,858,106,86,37,.338,.377,.716
172,5,SK,11,3월,.263,5124,4404,584,1157,204,18,100,1697,561,105,61,470,67,15,891,88,147,36,.340,.385,.726
173,6,삼성,11,3월,.259,5145,4437,625,1150,193,20,95,1668,585,158,51,522,69,23,940,97,73,43,.343,.376,.719
174,7,한화,11,3월,.255,5085,4367,568,1112,160,14,93,1579,536,100,76,488,74,14,906,93,130,25,.338,.362,.700
175,8,넥센,11,3월,.245,4989,4343,512,1065,187,23,79,1535,472,99,55,460,51,16,992,94,103,32,.323,.353,.676
176,1,롯데,11,4월,.288,5234,4599,713,1324,226,30,111,1943,666,112,58,466,64,19,836,124,61,44,.358,.422,.781
177,2,두산,11,4월,.271,5204,4498,614,1221,196,27,92,1747,578,130,57,513,81,17,799,118,73,39,.354,.388,.742
178,3,KIA,11,4월,.269,5129,4373,627,1177,204,15,106,1729,597,113,38,554,59,11,782,110,109,34,.357,.395,.752
179,4,LG,11,4월,.266,5158,4522,579,1203,192,15,94,1707,539,116,52,463,49,15,858,106,86,37,.338,.377,.716
180,5,SK,11,4월,.263,5124,4404,584,1157,204,18,100,1697,561,105,61,470,67,15,891,88,147,36,.340,.385,.726
181,6,삼성,11,4월,.259,5145,4437,625,1150,193,20,95,1668,585,158,51,522,69,23,940,97,73,43,.343,.376,.719
182,7,한화,11,4월,.255,5085,4367,568,1112,160,14,93,1579,536,100,76,488,74,14,906,93,130,25,.338,.362,.700
183,8,넥센,11,4월,.245,4989,4343,512,1065,187,23,79,1535,472,99,55,460,51,16,992,94,103,32,.323,.353,.676
184,1,롯데,11,5월,.288,5234,4599,713,1324,226,30,111,1943,666,112,58,466,64,19,836,124,61,44,.358,.422,.781
185,2,두산,11,5월,.271,5204,4498,614,1221,196,27,92,1747,578,130,57,513,81,17,799,118,73,39,.354,.388,.742
186,3,KIA,11,5월,.269,5129,4373,627,1177,204,15,106,1729,597,113,38,554,59,11,782,110,109,34,.357,.395,.752
187,4,LG,11,5월,.266,5158,4522,579,1203,192,15,94,1707,539,116,52,463,49,15,858,106,86,37,.338,.377,.716
188,5,SK,11,5월,.263,5124,4404,584,1157,204,18,100,1697,561,105,61,470,67,15,891,88,147,36,.340,.385,.726
189,6,삼성,11,5월,.259,5145,4437,625,1150,193,20,95,1668,585,158,51,522,69,23,940,97,73,43,.343,.376,.719
190,7,한화,11,5월,.255,5085,4367,568,1112,160,14,93,1579,536,100,76,488,74,14,906,93,130,25,.338,.362,.700
191,8,넥센,11,5월,.245,4989,4343,512,1065,187,23,79,1535,472,99,55,460,51,16,992,94,103,32,.323,.353,.676
192,1,롯데,11,6월,.288,5234,4599,713,1324,226,30,111,1943,666,112,58,466,64,19,836,124,61,44,.358,.422,.781
193,2,두산,11,6월,.271,5204,4498,614,1221,196,27,92,1747,578,130,57,513,81,17,799,118,73,39,.354,.388,.742
194,3,KIA,11,6월,.269,5129,4373,627,1177,204,15,106,1729,597,113,38,554,59,11,782,110,109,34,.357,.395,.752
195,4,LG,11,6월,.266,5158,4522,579,1203,192,15,94,1707,539,116,52,463,49,15,858,106,86,37,.338,.377,.716
196,5,SK,11,6월,.263,5124,4404,584,1157,204,18,100,1697,561,105,61,470,67,15,891,88,147,36,.340,.385,.726
197,6,삼성,11,6월,.259,5145,4437,625,1150,193,20,95,1668,585,158,51,522,69,23,940,97,73,43,.343,.376,.719
198,7,한화,11,6월,.255,5085,4367,568,1112,160,14,93,1579,536,100,76,488,74,14,906,93,130,25,.338,.362,.700
199,8,넥센,11,6월,.245,4989,4343,512,1065,187,23,79,1535,472,99,55,460,51,16,992,94,103,32,.323,.353,.676
200,1,롯데,11,7월,.288,5234,4599,713,1324,226,30,111,1943,666,112,58,466,64,19,836,124,61,44,.358,.422,.781
201,2,두산,11,7월,.271,5204,4498,614,1221,196,27,92,1747,578,130,57,513,81,17,799,118,73,39,.354,.388,.742
202,3,KIA,11,7월,.269,5129,4373,627,1177,204,15,106,1729,597,113,38,554,59,11,782,110,109,34,.357,.395,.752
203,4,LG,11,7월,.266,5158,4522,579,1203,192,15,94,1707,539,116,52,463,49,15,858,106,86,37,.338,.377,.716
204,5,SK,11,7월,.263,5124,4404,584,1157,204,18,100,1697,561,105,61,470,67,15,891,88,147,36,.340,.385,.726
205,6,삼성,11,7월,.259,5145,4437,625,1150,193,20,95,1668,585,158,51,522,69,23,940,97,73,43,.343,.376,.719
206,7,한화,11,7월,.255,5085,4367,568,1112,160,14,93,1579,536,100,76,488,74,14,906,93,130,25,.338,.362,.700
207,8,넥센,11,7월,.245,4989,4343,512,1065,187,23,79,1535,472,99,55,460,51,16,992,94,103,32,.323,.353,.676
208,1,롯데,11,8월,.288,5234,4599,713,1324,226,30,111,1943,666,112,58,466,64,19,836,124,61,44,.358,.422,.781
209,2,두산,11,8월,.271,5204,4498,614,1221,196,27,92,1747,578,130,57,513,81,17,799,118,73,39,.354,.388,.742
210,3,KIA,11,8월,.269,5129,4373,627,1177,204,15,106,1729,597,113,38,554,59,11,782,110,109,34,.357,.395,.752
211,4,LG,11,8월,.266,5158,4522,579,1203,192,15,94,1707,539,116,52,463,49,15,858,106,86,37,.338,.377,.716
212,5,SK,11,8월,.263,5124,4404,584,1157,204,18,100,1697,561,105,61,470,67,15,891,88,147,36,.340,.385,.726
213,6,삼성,11,8월,.259,5145,4437,625,1150,193,20,95,1668,585,158,51,522,69,23,940,97,73,43,.343,.376,.719
214,7,한화,11,8월,.255,5085,4367,568,1112,160,14,93,1579,536,100,76,488,74,14,906,93,130,25,.338,.362,.700
215,8,넥센,11,8월,.245,4989,4343,512,1065,187,23,79,1535,472,99,55,460,51,16,992,94,103,32,.323,.353,.676
216,1,롯데,11,9월,.288,5234,4599,713,1324,226,30,111,1943,666,112,58,466,64,19,836,124,61,44,.358,.422,.781
217,2,두산,11,9월,.271,5204,4498,614,1221,196,27,92,1747,578,130,57,513,81,17,799,118,73,39,.354,.388,.742
218,3,KIA,11,9월,.269,5129,4373,627,1177,204,15,106,1729,597,113,38,554,59,11,782,110,109,34,.357,.395,.752
219,4,LG,11,9월,.266,5158,4522,579,1203,192,15,94,1707,539,116,52,463,49,15,858,106,86,37,.338,.377,.716
220,5,SK,11,9월,.263,5124,4404,584,1157,204,18,100,1697,561,105,61,470,67,15,891,88,147,36,.340,.385,.726
221,6,삼성,11,9월,.259,5145,4437,625,1150,193,20,95,1668,585,158,51,522,69,23,940,97,73,43,.343,.376,.719
222,7,한화,11,9월,.255,5085,4367,568,1112,160,14,93,1579,536,100,76,488,74,14,906,93,130,25,.338,.362,.700
223,8,넥센,11,9월,.245,4989,4343,512,1065,187,23,79,1535,472,99,55,460,51,16,992,94,103,32,.323,.353,.676
224,1,삼성,12,3월,.272,5161,4436,628,1205,200,26,89,1724,585,125,48,500,86,19,813,91,91,47,.353,.389,.742
225,2,롯데,12,3월,.263,5043,4481,509,1179,202,16,73,1632,479,119,53,375,54,19,890,91,107,26,.326,.364,.690
226,3,LG,12,3월,.261,5180,4539,544,1184,212,18,59,1609,512,140,57,458,53,19,857,107,80,50,.332,.354,.687
227,4,두산,12,3월,.260,4938,4379,524,1139,172,26,59,1540,490,116,51,362,54,12,659,129,102,40,.322,.352,.673
228,5,SK,12,3월,.258,4996,4347,564,1120,197,15,108,1671,523,104,75,445,58,19,864,85,118,28,.333,.384,.717
229,6,KIA,12,3월,.256,5131,4348,553,1112,197,19,54,1509,518,132,51,544,60,18,790,100,132,47,.343,.347,.690
230,7,한화,12,3월,.249,5057,4331,509,1077,208,12,71,1522,479,107,53,538,61,17,907,102,100,27,.338,.351,.690
231,8,넥센,12,3월,.243,5021,4338,549,1056,189,28,102,1607,509,179,72,476,72,17,892,79,92,43,.325,.370,.696
232,1,삼성,12,4월,.272,5161,4436,628,1205,200,26,89,1724,585,125,48,500,86,19,813,91,91,47,.353,.389,.742
233,2,롯데,12,4월,.263,5043,4481,509,1179,202,16,73,1632,479,119,53,375,54,19,890,91,107,26,.326,.364,.690
234,3,LG,12,4월,.261,5180,4539,544,1184,212,18,59,1609,512,140,57,458,53,19,857,107,80,50,.332,.354,.687
235,4,두산,12,4월,.260,4938,4379,524,1139,172,26,59,1540,490,116,51,362,54,12,659,129,102,40,.322,.352,.673
236,5,SK,12,4월,.258,4996,4347,564,1120,197,15,108,1671,523,104,75,445,58,19,864,85,118,28,.333,.384,.717
237,6,KIA,12,4월,.256,5131,4348,553,1112,197,19,54,1509,518,132,51,544,60,18,790,100,132,47,.343,.347,.690
238,7,한화,12,4월,.249,5057,4331,509,1077,208,12,71,1522,479,107,53,538,61,17,907,102,100,27,.338,.351,.690
239,8,넥센,12,4월,.243,5021,4338,549,1056,189,28,102,1607,509,179,72,476,72,17,892,79,92,43,.325,.370,.696
240,1,삼성,12,5월,.272,5161,4436,628,1205,200,26,89,1724,585,125,48,500,86,19,813,91,91,47,.353,.389,.742
241,2,롯데,12,5월,.263,5043,4481,509,1179,202,16,73,1632,479,119,53,375,54,19,890,91,107,26,.326,.364,.690
242,3,LG,12,5월,.261,5180,4539,544,1184,212,18,59,1609,512,140,57,458,53,19,857,107,80,50,.332,.354,.687
243,4,두산,12,5월,.260,4938,4379,524,1139,172,26,59,1540,490,116,51,362,54,12,659,129,102,40,.322,.352,.673
244,5,SK,12,5월,.258,4996,4347,564,1120,197,15,108,1671,523,104,75,445,58,19,864,85,118,28,.333,.384,.717
245,6,KIA,12,5월,.256,5131,4348,553,1112,197,19,54,1509,518,132,51,544,60,18,790,100,132,47,.343,.347,.690
246,7,한화,12,5월,.249,5057,4331,509,1077,208,12,71,1522,479,107,53,538,61,17,907,102,100,27,.338,.351,.690
247,8,넥센,12,5월,.243,5021,4338,549,1056,189,28,102,1607,509,179,72,476,72,17,892,79,92,43,.325,.370,.696
248,1,삼성,12,6월,.272,5161,4436,628,1205,200,26,89,1724,585,125,48,500,86,19,813,91,91,47,.353,.389,.742
249,2,롯데,12,6월,.263,5043,4481,509,1179,202,16,73,1632,479,119,53,375,54,19,890,91,107,26,.326,.364,.690
250,3,LG,12,6월,.261,5180,4539,544,1184,212,18,59,1609,512,140,57,458,53,19,857,107,80,50,.332,.354,.687
251,4,두산,12,6월,.260,4938,4379,524,1139,172,26,59,1540,490,116,51,362,54,12,659,129,102,40,.322,.352,.673
252,5,SK,12,6월,.258,4996,4347,564,1120,197,15,108,1671,523,104,75,445,58,19,864,85,118,28,.333,.384,.717
253,6,KIA,12,6월,.256,5131,4348,553,1112,197,19,54,1509,518,132,51,544,60,18,790,100,132,47,.343,.347,.690
254,7,한화,12,6월,.249,5057,4331,509,1077,208,12,71,1522,479,107,53,538,61,17,907,102,100,27,.338,.351,.690
255,8,넥센,12,6월,.243,5021,4338,549,1056,189,28,102,1607,509,179,72,476,72,17,892,79,92,43,.325,.370,.696
256,1,삼성,12,7월,.272,5161,4436,628,1205,200,26,89,1724,585,125,48,500,86,19,813,91,91,47,.353,.389,.742
257,2,롯데,12,7월,.263,5043,4481,509,1179,202,16,73,1632,479,119,53,375,54,19,890,91,107,26,.326,.364,.690
258,3,LG,12,7월,.261,5180,4539,544,1184,212,18,59,1609,512,140,57,458,53,19,857,107,80,50,.332,.354,.687
259,4,두산,12,7월,.260,4938,4379,524,1139,172,26,59,1540,490,116,51,362,54,12,659,129,102,40,.322,.352,.673
260,5,SK,12,7월,.258,4996,4347,564,1120,197,15,108,1671,523,104,75,445,58,19,864,85,118,28,.333,.384,.717
261,6,KIA,12,7월,.256,5131,4348,553,1112,197,19,54,1509,518,132,51,544,60,18,790,100,132,47,.343,.347,.690
262,7,한화,12,7월,.249,5057,4331,509,1077,208,12,71,1522,479,107,53,538,61,17,907,102,100,27,.338,.351,.690
263,8,넥센,12,7월,.243,5021,4338,549,1056,189,28,102,1607,509,179,72,476,72,17,892,79,92,43,.325,.370,.696
264,1,삼성,12,8월,.272,5161,4436,628,1205,200,26,89,1724,585,125,48,500,86,19,813,91,91,47,.353,.389,.742
265,2,롯데,12,8월,.263,5043,4481,509,1179,202,16,73,1632,479,119,53,375,54,19,890,91,107,26,.326,.364,.690
266,3,LG,12,8월,.261,5180,4539,544,1184,212,18,59,1609,512,140,57,458,53,19,857,107,80,50,.332,.354,.687
267,4,두산,12,8월,.260,4938,4379,524,1139,172,26,59,1540,490,116,51,362,54,12,659,129,102,40,.322,.352,.673
268,5,SK,12,8월,.258,4996,4347,564,1120,197,15,108,1671,523,104,75,445,58,19,864,85,118,28,.333,.384,.717
269,6,KIA,12,8월,.256,5131,4348,553,1112,197,19,54,1509,518,132,51,544,60,18,790,100,132,47,.343,.347,.690
270,7,한화,12,8월,.249,5057,4331,509,1077,208,12,71,1522,479,107,53,538,61,17,907,102,100,27,.338,.351,.690
271,8,넥센,12,8월,.243,5021,4338,549,1056,189,28,102,1607,509,179,72,476,72,17,892,79,92,43,.325,.370,.696
272,1,삼성,12,9월,.272,5161,4436,628,1205,200,26,89,1724,585,125,48,500,86,19,813,91,91,47,.353,.389,.742
273,2,롯데,12,9월,.263,5043,4481,509,1179,202,16,73,1632,479,119,53,375,54,19,890,91,107,26,.326,.364,.690
274,3,LG,12,9월,.261,5180,4539,544,1184,212,18,59,1609,512,140,57,458,53,19,857,107,80,50,.332,.354,.687
275,4,두산,12,9월,.260,4938,4379,524,1139,172,26,59,1540,490,116,51,362,54,12,659,129,102,40,.322,.352,.673
276,5,SK,12,9월,.258,4996,4347,564,1120,197,15,108,1671,523,104,75,445,58,19,864,85,118,28,.333,.384,.717
277,6,KIA,12,9월,.256,5131,4348,553,1112,197,19,54,1509,518,132,51,544,60,18,790,100,132,47,.343,.347,.690
278,7,한화,12,9월,.249,5057,4331,509,1077,208,12,71,1522,479,107,53,538,61,17,907,102,100,27,.338,.351,.690
279,8,넥센,12,9월,.243,5021,4338,549,1056,189,28,102,1607,509,179,72,476,72,17,892,79,92,43,.325,.370,.696
280,1,두산,13,3월,.289,5142,4401,699,1271,217,37,95,1847,654,172,61,524,79,19,717,105,82,56,.370,.420,.790
281,2,삼성,13,3월,.283,5042,4370,669,1235,212,17,113,1820,624,95,41,453,93,9,818,98,84,41,.359,.416,.776
282,3,LG,13,3월,.282,4934,4291,616,1210,194,38,59,1657,574,139,71,451,59,11,806,80,91,42,.355,.386,.741
283,4,넥센,13,3월,.272,5015,4294,646,1167,209,11,125,1773,607,131,65,505,98,12,912,94,76,42,.358,.413,.771
284,5,SK,13,3월,.265,4950,4278,588,1134,189,20,124,1735,558,144,63,465,86,25,918,99,83,37,.346,.406,.752
285,6,롯데,13,3월,.261,4978,4289,556,1118,208,18,61,1545,522,133,58,502,72,22,862,92,74,41,.345,.360,.705
286,7,KIA,13,3월,.261,5051,4318,587,1125,195,13,88,1610,545,141,47,537,75,8,864,110,78,42,.349,.373,.722
287,8,한화,13,3월,.259,4915,4271,480,1106,212,13,47,1485,448,70,49,479,80,11,933,140,54,30,.343,.348,.690
288,9,NC,13,3월,.244,4866,4282,512,1045,209,25,86,1562,485,142,47,434,62,11,955,94,55,31,.320,.365,.685
289,1,두산,13,4월,.289,5142,4401,699,1271,217,37,95,1847,654,172,61,524,79,19,717,105,82,56,.370,.420,.790
290,2,삼성,13,4월,.283,5042,4370,669,1235,212,17,113,1820,624,95,41,453,93,9,818,98,84,41,.359,.416,.776
291,3,LG,13,4월,.282,4934,4291,616,1210,194,38,59,1657,574,139,71,451,59,11,806,80,91,42,.355,.386,.741
292,4,넥센,13,4월,.272,5015,4294,646,1167,209,11,125,1773,607,131,65,505,98,12,912,94,76,42,.358,.413,.771
293,5,SK,13,4월,.265,4950,4278,588,1134,189,20,124,1735,558,144,63,465,86,25,918,99,83,37,.346,.406,.752
294,6,롯데,13,4월,.261,4978,4289,556,1118,208,18,61,1545,522,133,58,502,72,22,862,92,74,41,.345,.360,.705
295,7,KIA,13,4월,.261,5051,4318,587,1125,195,13,88,1610,545,141,47,537,75,8,864,110,78,42,.349,.373,.722
296,8,한화,13,4월,.259,4915,4271,480,1106,212,13,47,1485,448,70,49,479,80,11,933,140,54,30,.343,.348,.690
297,9,NC,13,4월,.244,4866,4282,512,1045,209,25,86,1562,485,142,47,434,62,11,955,94,55,31,.320,.365,.685
298,1,두산,13,5월,.289,5142,4401,699,1271,217,37,95,1847,654,172,61,524,79,19,717,105,82,56,.370,.420,.790
299,2,삼성,13,5월,.283,5042,4370,669,1235,212,17,113,1820,624,95,41,453,93,9,818,98,84,41,.359,.416,.776
300,3,LG,13,5월,.282,4934,4291,616,1210,194,38,59,1657,574,139,71,451,59,11,806,80,91,42,.355,.386,.741
301,4,넥센,13,5월,.272,5015,4294,646,1167,209,11,125,1773,607,131,65,505,98,12,912,94,76,42,.358,.413,.771
302,5,SK,13,5월,.265,4950,4278,588,1134,189,20,124,1735,558,144,63,465,86,25,918,99,83,37,.346,.406,.752
303,6,롯데,13,5월,.261,4978,4289,556,1118,208,18,61,1545,522,133,58,502,72,22,862,92,74,41,.345,.360,.705
304,7,KIA,13,5월,.261,5051,4318,587,1125,195,13,88,1610,545,141,47,537,75,8,864,110,78,42,.349,.373,.722
305,8,한화,13,5월,.259,4915,4271,480,1106,212,13,47,1485,448,70,49,479,80,11,933,140,54,30,.343,.348,.690
306,9,NC,13,5월,.244,4866,4282,512,1045,209,25,86,1562,485,142,47,434,62,11,955,94,55,31,.320,.365,.685
307,1,두산,13,6월,.289,5142,4401,699,1271,217,37,95,1847,654,172,61,524,79,19,717,105,82,56,.370,.420,.790
308,2,삼성,13,6월,.283,5042,4370,669,1235,212,17,113,1820,624,95,41,453,93,9,818,98,84,41,.359,.416,.776
309,3,LG,13,6월,.282,4934,4291,616,1210,194,38,59,1657,574,139,71,451,59,11,806,80,91,42,.355,.386,.741
310,4,넥센,13,6월,.272,5015,4294,646,1167,209,11,125,1773,607,131,65,505,98,12,912,94,76,42,.358,.413,.771
311,5,SK,13,6월,.265,4950,4278,588,1134,189,20,124,1735,558,144,63,465,86,25,918,99,83,37,.346,.406,.752
312,6,롯데,13,6월,.261,4978,4289,556,1118,208,18,61,1545,522,133,58,502,72,22,862,92,74,41,.345,.360,.705
313,7,KIA,13,6월,.261,5051,4318,587,1125,195,13,88,1610,545,141,47,537,75,8,864,110,78,42,.349,.373,.722
314,8,한화,13,6월,.259,4915,4271,480,1106,212,13,47,1485,448,70,49,479,80,11,933,140,54,30,.343,.348,.690
315,9,NC,13,6월,.244,4866,4282,512,1045,209,25,86,1562,485,142,47,434,62,11,955,94,55,31,.320,.365,.685
316,1,두산,13,7월,.289,5142,4401,699,1271,217,37,95,1847,654,172,61,524,79,19,717,105,82,56,.370,.420,.790
317,2,삼성,13,7월,.283,5042,4370,669,1235,212,17,113,1820,624,95,41,453,93,9,818,98,84,41,.359,.416,.776
318,3,LG,13,7월,.282,4934,4291,616,1210,194,38,59,1657,574,139,71,451,59,11,806,80,91,42,.355,.386,.741
319,4,넥센,13,7월,.272,5015,4294,646,1167,209,11,125,1773,607,131,65,505,98,12,912,94,76,42,.358,.413,.771
320,5,SK,13,7월,.265,4950,4278,588,1134,189,20,124,1735,558,144,63,465,86,25,918,99,83,37,.346,.406,.752
321,6,롯데,13,7월,.261,4978,4289,556,1118,208,18,61,1545,522,133,58,502,72,22,862,92,74,41,.345,.360,.705
322,7,KIA,13,7월,.261,5051,4318,587,1125,195,13,88,1610,545,141,47,537,75,8,864,110,78,42,.349,.373,.722
323,8,한화,13,7월,.259,4915,4271,480,1106,212,13,47,1485,448,70,49,479,80,11,933,140,54,30,.343,.348,.690
324,9,NC,13,7월,.244,4866,4282,512,1045,209,25,86,1562,485,142,47,434,62,11,955,94,55,31,.320,.365,.685
325,1,두산,13,8월,.289,5142,4401,699,1271,217,37,95,1847,654,172,61,524,79,19,717,105,82,56,.370,.420,.790
326,2,삼성,13,8월,.283,5042,4370,669,1235,212,17,113,1820,624,95,41,453,93,9,818,98,84,41,.359,.416,.776
327,3,LG,13,8월,.282,4934,4291,616,1210,194,38,59,1657,574,139,71,451,59,11,806,80,91,42,.355,.386,.741
328,4,넥센,13,8월,.272,5015,4294,646,1167,209,11,125,1773,607,131,65,505,98,12,912,94,76,42,.358,.413,.771
329,5,SK,13,8월,.265,4950,4278,588,1134,189,20,124,1735,558,144,63,465,86,25,918,99,83,37,.346,.406,.752
330,6,롯데,13,8월,.261,4978,4289,556,1118,208,18,61,1545,522,133,58,502,72,22,862,92,74,41,.345,.360,.705
331,7,KIA,13,8월,.261,5051,4318,587,1125,195,13,88,1610,545,141,47,537,75,8,864,110,78,42,.349,.373,.722
332,8,한화,13,8월,.259,4915,4271,480,1106,212,13,47,1485,448,70,49,479,80,11,933,140,54,30,.343,.348,.690
333,9,NC,13,8월,.244,4866,4282,512,1045,209,25,86,1562,485,142,47,434,62,11,955,94,55,31,.320,.365,.685
334,1,두산,13,9월,.289,5142,4401,699,1271,217,37,95,1847,654,172,61,524,79,19,717,105,82,56,.370,.420,.790
335,2,삼성,13,9월,.283,5042,4370,669,1235,212,17,113,1820,624,95,41,453,93,9,818,98,84,41,.359,.416,.776
336,3,LG,13,9월,.282,4934,4291,616,1210,194,38,59,1657,574,139,71,451,59,11,806,80,91,42,.355,.386,.741
337,4,넥센,13,9월,.272,5015,4294,646,1167,209,11,125,1773,607,131,65,505,98,12,912,94,76,42,.358,.413,.771
338,5,SK,13,9월,.265,4950,4278,588,1134,189,20,124,1735,558,144,63,465,86,25,918,99,83,37,.346,.406,.752
339,6,롯데,13,9월,.261,4978,4289,556,1118,208,18,61,1545,522,133,58,502,72,22,862,92,74,41,.345,.360,.705
340,7,KIA,13,9월,.261,5051,4318,587,1125,195,13,88,1610,545,141,47,537,75,8,864,110,78,42,.349,.373,.722
341,8,한화,13,9월,.259,4915,4271,480,1106,212,13,47,1485,448,70,49,479,80,11,933,140,54,30,.343,.348,.690
342,9,NC,13,9월,.244,4866,4282,512,1045,209,25,86,1562,485,142,47,434,62,11,955,94,55,31,.320,.365,.685
343,1,넥센,14개,3월,.315,79,73,12,23,7,1,1,35,12,1,1,5,0,0,9,3,1,0,.359,.479,.838
344,2,LG,14개,3월,.289,90,76,18,22,2,0,3,33,18,1,1,13,0,0,11,0,0,1,.389,.434,.823
345,3,롯데,14개,3월,.286,82,70,13,20,5,1,3,36,12,1,1,11,0,0,9,0,1,0,.383,.514,.897
346,4,두산,14개,3월,.266,79,64,9,17,3,0,3,29,9,5,1,11,2,0,6,1,1,1,.385,.453,.838
347,5,한화,14개,3월,.254,79,71,6,18,2,0,2,26,6,2,1,8,0,0,8,2,0,0,.329,.366,.695
348,6,삼성,14개,3월,.242,74,66,8,16,3,1,1,24,8,5,0,7,1,0,15,1,0,0,.324,.364,.688
349,7,SK,14개,3월,.242,73,62,9,15,2,0,3,26,9,1,0,8,1,0,23,0,2,0,.338,.419,.757
350,8,KIA,14개,3월,.194,69,62,7,12,2,0,1,17,7,0,3,5,1,0,15,0,1,0,.265,.274,.539
351,1,SK,14개,4월,.284,909,774,147,220,41,7,17,326,137,28,12,86,17,5,152,15,19,13,.363,.421,.784
352,2,넥센,14개,4월,.284,885,757,124,215,44,3,29,352,118,14,7,94,20,3,131,15,8,6,.375,.465,.840
353,3,두산,14개,4월,.284,866,740,108,210,39,5,19,316,103,24,9,91,5,0,117,18,19,11,.361,.427,.788
354,4,삼성,14개,4월,.282,743,662,100,187,34,3,19,284,98,22,6,69,4,0,119,12,4,4,.352,.429,.781
355,5,롯데,14개,4월,.278,867,747,119,208,30,8,20,314,115,15,8,93,12,6,142,21,9,6,.365,.420,.785
356,6,NC,14개,4월,.277,1005,859,136,238,46,7,25,373,133,35,12,107,11,2,179,20,14,14,.359,.434,.794
357,7,LG,14개,4월,.275,906,768,95,211,37,1,14,292,92,17,11,110,5,7,141,29,13,10,.365,.380,.745
358,8,KIA,14개,4월,.274,842,745,101,204,35,5,16,297,97,24,9,67,7,4,125,16,16,7,.337,.399,.735
359,9,한화,14개,4월,.263,791,668,96,176,29,8,15,266,93,11,8,91,19,0,124,18,7,6,.365,.398,.763
360,1,두산,14개,5월,.337,990,879,185,296,59,6,30,457,182,16,6,79,13,0,134,20,12,7,.397,.520,.917
361,2,NC,14개,5월,.307,990,859,182,264,51,7,29,416,175,22,7,93,18,2,161,14,8,12,.382,.484,.866
362,3,KIA,14개,5월,.306,987,880,151,269,55,4,31,425,146,24,13,79,9,3,150,17,14,5,.367,.483,.850
363,4,롯데,14개,5월,.294,997,856,140,252,50,4,17,361,140,16,10,112,13,2,174,12,9,7,.382,.422,.803
364,5,한화,14개,5월,.293,990,874,121,256,48,2,11,341,117,22,8,86,6,2,152,24,12,12,.356,.390,.746
365,6,삼성,14개,5월,.292,956,821,150,240,49,6,30,391,145,30,9,96,16,3,115,16,15,9,.374,.476,.850
366,7,넥센,14개,5월,.282,949,788,136,222,47,4,34,379,133,22,4,111,17,2,152,23,17,16,.376,.481,.857
367,8,SK,14개,5월,.277,951,828,118,229,44,5,18,337,117,36,6,90,8,1,171,19,16,9,.350,.407,.757
368,9,LG,14개,5월,.275,934,811,123,223,40,4,11,304,121,25,12,91,9,1,151,18,14,9,.351,.375,.726
369,1,삼성,14개,6월,.322,921,788,170,254,44,3,38,418,162,28,8,90,14,2,106,16,13,16,.394,.530,.925
370,2,넥센,14개,6월,.316,846,740,145,234,50,7,37,409,138,20,14,82,12,1,149,12,9,3,.392,.553,.945
371,3,KIA,14개,6월,.315,865,755,135,238,51,10,21,372,132,21,10,72,17,1,141,17,10,11,.383,.493,.875
372,4,롯데,14개,6월,.310,748,654,118,203,39,6,22,320,113,7,10,68,9,2,122,17,11,6,.380,.489,.869
373,5,한화,14개,6월,.305,781,692,102,211,42,4,16,309,102,4,8,67,6,0,120,21,8,8,.367,.447,.814
374,6,SK,14개,6월,.296,824,730,100,216,41,1,18,313,94,25,10,67,7,0,161,17,16,4,.359,.429,.788
375,7,NC,14개,6월,.293,769,682,113,200,34,5,24,316,110,24,6,65,7,1,124,18,8,7,.357,.463,.821
376,8,LG,14개,6월,.279,817,712,122,199,31,8,22,312,118,20,10,71,13,3,140,15,12,9,.352,.438,.790
377,9,두산,14개,6월,.267,746,658,92,176,26,1,19,261,89,17,5,67,9,0,102,16,10,2,.342,.397,.739
378,1,넥센,14개,7월,.315,771,663,147,209,37,4,34,356,142,8,3,77,20,0,128,19,7,4,.401,.537,.938
379,2,NC,14개,7월,.312,741,642,124,200,39,5,23,318,121,23,9,70,13,2,140,9,7,9,.386,.495,.881
380,3,삼성,14개,7월,.303,789,661,132,200,37,3,23,312,130,17,7,86,12,2,117,12,23,7,.389,.472,.861
381,4,LG,14개,7월,.299,798,680,113,203,47,3,13,295,107,16,16,84,13,4,117,18,11,10,.381,.434,.815
382,5,두산,14개,7월,.296,621,551,82,163,34,4,11,238,78,11,6,48,6,4,86,17,9,7,.355,.432,.787
383,6,한화,14개,7월,.290,804,694,102,201,35,4,20,304,98,12,5,87,8,0,121,22,6,9,.371,.438,.809
384,7,SK,14개,7월,.282,681,595,100,168,42,3,15,261,98,14,7,63,11,1,134,11,9,3,.360,.439,.799
385,8,KIA,14개,7월,.280,812,706,101,198,27,3,25,306,100,18,11,82,15,1,144,18,7,2,.367,.433,.800
386,9,롯데,14개,7월,.280,883,776,108,217,39,0,22,322,105,8,3,80,11,2,170,18,10,6,.353,.415,.768
387,1,삼성,14개,8월,.317,768,676,118,214,36,2,27,335,115,35,9,72,7,2,126,15,8,5,.386,.496,.881
388,2,SK,14개,8월,.315,803,698,123,220,37,2,22,327,120,18,5,65,17,2,151,20,15,8,.383,.468,.852
389,3,한화,14개,8월,.306,777,666,105,204,38,2,15,291,104,8,5,84,10,3,136,17,12,5,.390,.437,.827
390,4,넥센,14개,8월,.300,902,770,154,231,52,7,41,420,151,16,10,85,23,2,168,17,18,6,.384,.545,.929
391,5,두산,14개,8월,.293,842,717,117,210,39,4,17,308,115,16,11,85,16,1,134,14,14,10,.376,.430,.805
392,6,롯데,14개,8월,.278,806,677,102,188,43,3,16,285,100,5,3,90,13,5,166,20,17,9,.369,.421,.790
393,7,KIA,14개,8월,.267,636,561,68,150,34,2,11,221,67,19,7,59,4,1,120,14,10,2,.340,.394,.734
394,8,NC,14개,8월,.258,780,708,86,183,25,5,19,275,83,19,5,51,12,0,153,12,3,6,.317,.388,.705
395,9,LG,14개,8월,.251,788,680,87,171,28,4,15,252,85,4,10,77,13,1,143,18,11,7,.336,.371,.707
396,1,삼성,14개,9월,.321,359,318,51,102,13,1,11,150,46,7,1,32,3,1,62,8,5,1,.387,.472,.859
397,2,두산,14개,9월,.313,338,291,35,91,13,2,5,123,35,5,1,32,6,1,34,5,7,2,.390,.423,.812
398,3,넥센,14개,9월,.298,312,275,54,82,15,2,12,137,49,6,2,30,4,0,32,4,1,2,.373,.498,.871
399,4,SK,14개,9월,.292,422,367,75,107,23,1,13,171,72,9,3,34,8,1,62,5,7,6,.359,.466,.825
400,5,LG,14개,9월,.290,331,279,48,81,14,1,8,121,48,8,2,35,7,0,54,5,5,5,.377,.434,.811
401,6,KIA,14개,9월,.284,318,285,45,81,19,0,8,124,44,8,4,21,5,1,58,4,4,3,.341,.435,.776
402,7,롯데,14개,9월,.270,390,337,56,91,24,1,12,153,55,4,2,39,9,1,90,2,3,2,.359,.454,.813
403,8,한화,14개,9월,.260,396,358,49,93,14,2,15,156,49,5,2,32,2,0,92,8,3,1,.323,.436,.759
404,9,NC,14개,9월,.245,413,376,51,92,18,4,9,145,50,14,3,30,4,2,98,6,2,1,.307,.386,.692
405,1,삼성,15개,3월,.319,125,113,17,36,8,0,3,53,17,8,1,10,1,0,15,1,1,0,.379,.469,.848
406,2,롯데,15개,3월,.303,119,99,24,30,7,0,5,52,23,4,2,17,2,1,28,1,1,0,.415,.525,.941
407,3,LG,15개,3월,.298,106,94,8,28,8,1,0,38,8,3,3,10,0,0,17,2,1,1,.362,.404,.766
408,4,두산,15개,3월,.297,72,64,13,19,0,1,4,33,13,1,0,6,0,1,5,2,0,2,.347,.516,.863
409,5,kt,15개,3월,.284,125,102,19,29,7,0,2,42,18,2,3,19,2,2,22,3,1,1,.403,.412,.815
410,6,KIA,15개,3월,.283,73,60,10,17,2,1,4,33,10,2,0,9,1,0,7,1,2,1,.380,.550,.930
411,7,NC,15개,3월,.269,76,67,5,18,3,0,0,21,5,2,2,6,1,0,9,1,0,2,.329,.313,.642
412,8,한화,15개,3월,.257,95,74,9,19,4,0,1,26,9,6,2,13,3,0,16,1,4,1,.385,.351,.736
413,9,SK,15개,3월,.219,76,64,8,14,3,1,1,22,8,1,1,9,0,0,13,1,2,1,.311,.344,.655
414,10,넥센,15개,3월,.205,85,73,8,15,4,0,2,25,8,2,0,10,2,0,14,1,0,0,.318,.342,.660
415,1,넥센,15개,4월,.299,920,804,151,240,59,2,32,399,146,7,10,81,16,1,193,16,12,7,.371,.496,.867
416,2,두산,15개,4월,.281,892,773,127,217,46,6,23,344,122,18,14,91,11,5,138,21,7,10,.361,.445,.806
417,3,SK,15개,4월,.278,873,737,120,205,36,1,19,300,115,15,8,103,14,2,172,19,13,6,.374,.407,.782
418,4,NC,15개,4월,.276,863,757,129,209,40,4,25,332,121,31,4,66,21,5,163,11,11,8,.347,.439,.786
419,5,삼성,15개,4월,.271,889,765,123,207,35,4,36,358,118,29,12,95,9,6,149,16,9,11,.353,.468,.821
420,6,롯데,15개,4월,.264,850,721,123,190,33,5,31,326,119,19,7,97,15,0,192,22,10,7,.360,.452,.812
421,7,한화,15개,4월,.259,848,717,99,186,31,4,18,279,93,14,11,79,16,4,159,15,28,8,.343,.389,.732
422,8,LG,15개,4월,.259,900,757,110,196,33,1,20,291,97,21,9,102,15,4,178,20,20,6,.356,.384,.740
423,9,KIA,15개,4월,.250,911,797,104,199,33,1,17,285,96,11,8,90,10,3,193,17,11,3,.332,.358,.690
424,10,kt,15개,4월,.208,825,730,48,152,31,4,8,215,43,22,6,74,10,1,201,16,10,1,.290,.295,.584
425,1,롯데,15개,5월,.303,1092,954,166,289,53,3,44,480,160,33,7,103,15,3,231,30,14,6,.378,.503,.881
426,2,NC,15개,5월,.300,1047,908,164,272,59,4,33,438,155,46,16,101,16,4,204,16,12,10,.376,.482,.858
427,3,넥센,15개,5월,.294,1089,958,169,282,55,2,44,473,161,18,8,104,16,6,231,25,7,4,.372,.494,.865
428,4,삼성,15개,5월,.287,1008,856,145,246,36,4,28,374,142,25,7,114,14,3,153,22,11,13,.375,.437,.812
429,5,두산,15개,5월,.277,921,775,122,215,42,3,18,317,113,17,6,98,19,3,137,22,18,11,.368,.409,.777
430,6,KIA,15개,5월,.267,956,829,125,221,45,5,20,336,118,26,11,84,21,4,197,16,16,6,.347,.405,.752
431,7,kt,15개,5월,.263,1048,904,113,238,39,3,13,322,109,33,18,96,16,7,207,20,23,9,.342,.356,.698
432,8,한화,15개,5월,.257,1055,882,142,227,45,2,25,351,127,12,8,113,21,8,196,20,30,9,.352,.398,.750
433,9,SK,15개,5월,.252,965,840,100,212,29,4,21,312,92,23,8,87,22,3,180,21,11,5,.337,.371,.708
434,10,LG,15개,5월,.252,1013,888,120,224,49,6,20,345,112,16,8,84,15,4,233,16,16,10,.324,.389,.713
435,1,삼성,15개,6월,.312,836,750,123,234,40,6,27,367,117,15,9,63,7,1,157,19,7,9,.367,.489,.856
436,2,두산,15개,6월,.301,911,798,131,240,43,1,18,339,126,24,8,71,19,1,117,23,12,11,.367,.425,.792
437,3,kt,15개,6월,.290,913,811,130,235,40,1,31,370,124,18,6,76,8,2,174,10,10,8,.353,.456,.810
438,4,넥센,15개,6월,.289,853,737,132,213,38,1,30,343,122,12,7,95,8,2,155,18,7,6,.374,.465,.839
439,5,한화,15개,6월,.277,867,746,111,207,39,3,24,324,103,15,9,82,16,5,180,17,21,2,.361,.434,.795
440,6,LG,15개,6월,.277,903,795,115,220,46,4,22,340,107,21,11,78,14,3,180,13,11,5,.350,.428,.777
441,7,SK,15개,6월,.274,866,774,104,212,27,1,18,295,94,13,10,62,10,1,153,10,19,1,.335,.381,.716
442,8,NC,15개,6월,.271,846,738,113,200,39,7,19,310,104,32,7,85,8,4,148,14,6,8,.349,.420,.769
443,9,롯데,15개,6월,.242,778,697,79,169,28,2,22,267,73,9,7,60,10,2,176,18,7,4,.310,.383,.693
444,10,KIA,15개,6월,.237,720,645,80,153,35,2,18,246,75,19,5,45,16,0,144,13,10,4,.301,.381,.683
445,1,넥센,15개,7월,.327,846,730,140,239,53,4,31,393,129,16,10,80,12,4,149,13,11,13,.396,.538,.935
446,2,삼성,15개,7월,.325,859,750,158,244,51,3,22,367,149,18,7,70,12,4,114,14,17,10,.387,.489,.877
447,3,kt,15개,7월,.297,694,610,92,181,30,4,17,270,88,15,5,62,6,1,130,16,11,5,.365,.443,.807
448,4,두산,15개,7월,.295,839,725,121,214,31,2,27,330,115,15,6,82,14,7,101,22,10,8,.374,.455,.829
449,5,NC,15개,7월,.293,801,710,116,208,47,3,22,327,112,33,8,56,17,4,146,15,13,5,.357,.461,.817
450,6,SK,15개,7월,.280,749,646,83,181,32,2,20,277,82,7,13,64,12,4,144,14,25,2,.355,.429,.784
451,7,롯데,15개,7월,.277,883,770,111,213,33,3,22,318,99,20,8,83,11,8,172,24,14,5,.353,.413,.766
452,8,한화,15개,7월,.275,809,680,107,187,27,4,9,249,100,12,2,81,21,3,161,16,20,7,.366,.366,.733
453,9,KIA,15개,7월,.267,857,756,111,202,32,4,30,332,104,19,7,70,13,2,170,18,10,8,.337,.439,.776
454,10,LG,15개,7월,.244,731,655,73,160,23,3,15,234,68,12,8,53,11,4,138,12,6,6,.309,.357,.666
455,1,kt,15개,8월,.311,1003,884,169,275,43,3,39,441,159,14,9,90,10,2,169,26,11,8,.378,.499,.877
456,2,넥센,15개,8월,.311,1006,888,163,276,54,9,37,459,154,16,4,70,17,1,172,23,12,19,.365,.517,.882
457,3,삼성,15개,8월,.304,997,854,163,260,45,5,25,390,154,37,8,114,13,3,176,15,13,3,.393,.457,.850
458,4,롯데,15개,8월,.298,916,805,125,240,52,2,22,362,122,9,10,86,9,3,194,22,14,2,.371,.450,.821
459,5,NC,15개,8월,.290,953,806,129,234,47,4,22,355,122,34,14,100,20,4,156,20,19,8,.379,.440,.820
460,6,두산,15개,8월,.290,957,825,127,239,36,5,20,345,121,15,5,91,18,3,153,18,13,9,.369,.418,.787
461,7,한화,15개,8월,.277,1008,862,107,239,39,2,23,351,101,17,6,104,22,9,199,20,19,1,.369,.407,.776
462,8,LG,15개,8월,.266,953,866,101,230,43,2,19,334,91,18,11,61,11,3,166,19,14,1,.322,.386,.707
463,9,SK,15개,8월,.262,947,828,116,217,37,0,25,329,110,16,11,80,18,3,171,20,17,4,.339,.397,.736
464,10,KIA,15개,8월,.236,890,780,101,184,34,4,19,283,94,20,10,70,20,4,199,14,15,5,.313,.363,.676
465,1,삼성,15개,9월,.311,959,829,156,258,39,2,35,406,144,21,8,98,9,2,147,17,13,10,.386,.490,.876
466,2,LG,15개,9월,.307,843,749,112,230,42,5,17,333,105,20,9,68,12,0,146,13,5,9,.370,.445,.815
467,3,NC,15개,9월,.305,973,830,167,253,39,3,38,412,163,22,8,112,21,3,166,23,2,8,.398,.496,.894
468,4,두산,15개,9월,.297,1002,869,145,258,48,4,26,392,139,15,7,100,16,3,147,28,11,6,.377,.451,.829
469,5,SK,15개,9월,.295,1000,874,155,258,49,1,38,423,148,18,7,74,19,0,191,24,23,10,.359,.484,.843
470,6,넥센,15개,9월,.288,913,787,127,227,37,2,23,337,121,27,7,98,10,3,161,15,12,6,.372,.428,.800
471,7,롯데,15개,9월,.288,934,826,123,238,46,4,26,370,119,9,9,79,5,4,172,16,20,4,.352,.448,.800
472,8,한화,15개,9월,.286,915,788,132,225,28,4,30,351,125,2,9,98,8,4,191,21,14,7,.367,.445,.813
473,9,kt,15개,9월,.266,832,737,86,196,26,0,15,267,80,16,4,79,4,6,177,25,7,4,.339,.362,.701
474,10,KIA,15개,9월,.249,859,744,102,185,36,5,25,306,91,14,7,69,18,2,168,24,13,15,.322,.411,.733
475,1,롯데,16개,4월,.293,975,858,129,251,42,6,23,374,123,23,12,91,9,3,185,19,8,9,.363,.436,.799
476,2,두산,16개,4월,.285,955,807,137,230,44,2,22,344,124,15,11,104,23,1,147,22,13,8,.379,.426,.805
477,3,넥센,16개,4월,.274,945,824,115,226,37,9,16,329,107,23,15,93,15,4,192,18,6,7,.356,.399,.755
478,4,삼성,16개,4월,.273,909,787,116,215,32,4,18,309,102,17,10,89,12,2,134,24,15,6,.354,.393,.746
479,5,KIA,16개,4월,.273,867,769,107,210,43,5,22,329,103,15,9,78,11,1,176,16,5,4,.347,.428,.775
480,6,NC,16개,4월,.268,885,771,108,207,38,1,21,310,102,12,10,84,12,4,168,18,11,6,.347,.402,.749
481,7,SK,16개,4월,.267,949,832,113,222,37,1,23,330,106,21,11,75,19,4,165,17,13,10,.338,.397,.734
482,8,kt,16개,4월,.264,967,847,119,224,35,1,24,333,115,21,12,93,9,1,164,23,10,8,.341,.393,.734
483,9,한화,16개,4월,.263,912,797,88,210,36,2,14,292,82,8,5,76,15,5,181,22,20,4,.337,.366,.704
484,10,LG,16개,4월,.258,884,770,110,199,23,2,26,304,104,15,12,89,11,5,182,8,8,6,.341,.395,.736
485,1,두산,16개,5월,.330,1033,906,189,299,59,6,39,487,180,15,6,101,13,2,144,29,2,11,.401,.538,.938
486,2,NC,16개,5월,.318,987,829,169,264,42,6,31,411,161,17,7,114,19,2,150,22,17,8,.409,.496,.905
487,3,삼성,16개,5월,.304,1071,912,157,277,47,9,24,414,148,21,10,115,17,4,149,22,15,12,.387,.454,.841
488,4,KIA,16개,5월,.300,998,861,149,258,52,8,29,413,135,24,7,95,19,3,164,22,14,9,.378,.480,.858
489,5,kt,16개,5월,.296,979,857,137,254,35,1,24,363,133,17,5,98,6,1,165,27,12,6,.370,.424,.794
490,6,롯데,16개,5월,.292,966,829,134,242,40,5,24,364,125,19,8,107,15,2,167,25,8,7,.380,.439,.819
491,7,한화,16개,5월,.289,1010,879,150,254,47,4,27,390,144,17,5,102,12,5,170,21,12,5,.369,.444,.812
492,8,LG,16개,5월,.281,904,790,122,222,43,7,14,321,115,21,18,78,16,1,150,13,11,9,.354,.406,.760
493,9,넥센,16개,5월,.280,958,853,132,239,36,10,23,364,123,21,12,84,5,2,176,21,10,6,.346,.427,.773
494,10,SK,16개,5월,.278,942,819,122,228,30,1,33,359,115,8,10,80,14,0,164,17,17,12,.348,.438,.786
495,1,SK,16개,6월,.311,1033,930,157,289,49,9,41,479,154,16,15,76,17,3,177,21,5,5,.372,.515,.887
496,2,LG,16개,6월,.308,1026,908,133,280,37,5,17,378,126,24,6,85,13,0,169,18,13,7,.373,.416,.789
497,3,넥센,16개,6월,.302,1000,881,156,266,49,7,24,401,147,30,8,94,12,2,159,26,5,8,.374,.455,.829
498,4,롯데,16개,6월,.293,1016,895,144,262,55,1,17,370,137,25,11,95,7,3,182,22,10,9,.362,.413,.775
499,5,NC,16개,6월,.288,958,825,150,238,37,4,32,379,146,11,4,107,10,2,173,19,5,11,.373,.459,.832
500,6,두산,16개,6월,.285,1008,874,151,249,42,3,25,372,138,17,5,100,11,2,154,14,12,11,.361,.426,.787
501,7,한화,16개,6월,.285,965,860,120,245,35,5,30,380,120,12,10,73,14,3,183,19,11,7,.348,.442,.790
502,8,삼성,16개,6월,.277,1058,922,134,255,56,4,24,391,122,22,11,90,16,3,161,21,22,8,.349,.424,.773
503,9,KIA,16개,6월,.274,989,868,148,238,41,7,29,380,134,13,8,85,18,2,172,16,12,6,.349,.438,.787
504,10,kt,16개,6월,.258,938,827,112,213,32,3,19,308,103,21,8,81,11,1,155,18,11,8,.329,.372,.701
505,1,넥센,16개,7월,.315,878,742,151,234,42,5,25,361,138,27,14,105,11,4,108,16,6,14,.401,.487,.888
506,2,KIA,16개,7월,.312,961,836,148,261,46,2,30,401,142,16,5,89,13,1,168,18,12,11,.383,.480,.862
507,3,한화,16개,7월,.308,877,750,155,231,43,9,24,364,151,11,8,96,11,0,120,20,10,10,.390,.485,.875
508,4,SK,16개,7월,.296,883,783,115,232,42,2,33,377,109,16,6,68,14,3,156,19,8,10,.359,.481,.840
509,5,LG,16개,7월,.291,905,780,138,227,43,4,19,335,126,23,11,93,14,2,139,12,10,8,.373,.429,.803
510,6,삼성,16개,7월,.288,750,636,110,183,23,4,22,280,103,14,7,80,10,3,104,14,12,12,.370,.440,.810
511,7,두산,16개,7월,.286,836,737,116,211,36,5,24,329,106,13,8,75,9,0,119,14,5,10,.355,.446,.801
512,8,롯데,16개,7월,.283,821,713,118,202,35,5,19,304,109,25,9,80,15,1,156,11,7,5,.365,.426,.792
513,9,NC,16개,7월,.277,790,664,125,184,34,3,30,314,113,16,2,86,15,3,121,19,13,11,.367,.473,.840
514,10,kt,16개,7월,.268,757,667,86,179,26,0,14,247,83,13,10,69,5,0,109,17,10,6,.339,.370,.709
515,1,삼성,16개,8월,.321,934,835,170,268,56,6,21,399,160,16,8,71,11,0,135,18,10,7,.379,.478,.857
516,2,NC,16개,8월,.304,943,818,153,249,43,2,32,392,150,18,5,90,17,1,173,16,10,8,.382,.479,.861
517,3,두산,16개,8월,.302,995,848,191,256,44,6,39,429,181,14,7,105,19,3,152,19,6,17,.384,.506,.890
518,4,한화,16개,8월,.300,962,866,153,260,38,5,21,371,140,12,4,71,12,0,159,22,9,4,.360,.428,.788
519,5,LG,16개,8월,.300,1028,921,144,276,43,5,23,398,137,23,11,79,7,2,165,19,9,12,.355,.432,.787
520,6,넥센,16개,8월,.294,896,779,117,229,40,3,23,344,110,28,14,96,6,3,134,20,5,10,.372,.442,.813
521,7,KIA,16개,8월,.292,949,840,138,245,40,1,35,392,133,21,10,76,19,3,164,17,8,6,.361,.467,.828
522,8,SK,16개,8월,.291,987,874,125,254,43,3,25,378,115,17,9,69,20,3,205,11,17,7,.354,.432,.786
523,9,kt,16개,8월,.275,893,804,91,221,35,3,12,298,87,11,3,66,8,1,160,18,11,4,.335,.371,.705
524,10,롯데,16개,8월,.262,922,771,103,202,40,0,17,293,94,36,12,119,15,6,170,18,11,6,.369,.380,.749
525,1,SK,16개,9월,.313,765,681,107,213,31,2,23,317,104,9,9,53,17,0,122,17,11,3,.375,.465,.841
526,2,롯데,16개,9월,.311,853,727,124,226,33,3,20,325,119,12,11,87,18,3,148,20,17,4,.396,.447,.843
527,3,LG,16개,9월,.307,830,724,120,222,44,3,15,317,117,11,10,79,8,0,143,15,10,9,.377,.438,.815
528,4,넥센,16개,9월,.306,836,741,122,227,45,5,20,342,120,20,16,72,11,2,145,17,2,10,.372,.462,.833
529,5,삼성,16개,9월,.300,950,834,145,250,27,7,29,378,139,11,2,89,7,2,141,17,11,9,.369,.453,.822
530,6,두산,16개,9월,.296,885,758,129,224,50,3,30,370,127,11,8,102,9,3,148,21,5,11,.381,.488,.869
531,7,kt,16개,9월,.293,895,792,105,232,41,3,22,345,100,11,8,76,9,2,142,22,9,9,.358,.436,.793
532,8,한화,16개,9월,.282,936,808,133,228,32,1,21,325,125,3,6,76,23,6,180,12,20,9,.357,.402,.759
533,9,NC,16개,9월,.277,989,853,114,236,39,3,17,332,100,15,6,104,15,6,191,34,13,4,.364,.389,.753
534,10,KIA,16개,9월,.258,738,662,89,171,33,4,22,278,85,8,5,54,5,2,125,16,9,8,.316,.420,.735
535,1,NC,17개,3월,.344,38,32,6,11,5,0,1,19,6,2,2,4,2,0,9,0,0,0,.447,.594,1.041
536,2,kt,17개,3월,.257,37,35,3,9,2,0,1,14,3,0,1,2,0,1,8,1,0,0,.297,.400,.697
537,3,SK,17개,3월,.242,36,33,2,8,1,0,0,9,2,1,0,0,1,0,8,1,1,0,.265,.273,.537
538,4,삼성,17개,3월,.226,33,31,2,7,1,0,2,14,2,0,0,1,0,0,7,1,1,0,.250,.452,.702
539,5,롯데,17개,3월,.212,34,33,5,7,2,0,1,12,3,0,1,0,1,0,8,0,0,0,.235,.364,.599
540,6,KIA,17개,3월,.206,42,34,7,7,1,1,3,19,7,0,1,8,0,0,5,0,0,0,.357,.559,.916
541,7,넥센,17개,3월,.167,34,30,1,5,2,1,0,9,1,0,0,4,0,0,6,2,0,0,.265,.300,.565
542,8,두산,17개,3월,.148,33,27,3,4,1,0,0,5,3,3,0,2,2,0,8,0,0,2,.242,.185,.428
543,9,한화,17개,3월,.138,33,29,0,4,0,0,0,4,0,0,1,3,0,0,8,0,1,0,.219,.138,.357
544,10,LG,17개,3월,.129,34,31,2,4,0,0,1,7,1,0,0,3,0,0,10,1,0,0,.206,.226,.432
545,1,넥센,17개,4월,.300,1006,904,148,271,44,5,21,388,136,13,5,79,13,2,165,19,1,9,.361,.429,.790
546,2,LG,17개,4월,.286,946,845,114,242,34,4,14,326,105,25,15,67,16,1,178,26,10,8,.347,.386,.733
547,3,KIA,17개,4월,.281,957,844,138,237,48,3,14,333,131,21,5,70,18,3,151,19,11,14,.344,.395,.738
548,4,롯데,17개,4월,.277,982,839,123,232,35,5,22,343,112,19,10,100,21,2,205,25,13,9,.364,.409,.773
549,5,한화,17개,4월,.276,987,889,108,245,42,5,15,342,102,10,6,66,13,2,181,20,14,5,.333,.385,.718
550,6,두산,17개,4월,.272,1028,894,120,243,36,3,20,345,115,17,5,103,16,2,164,17,5,10,.354,.386,.740
551,7,NC,17개,4월,.271,986,881,129,239,42,7,26,373,122,17,5,71,20,5,198,18,8,6,.337,.423,.761
552,8,SK,17개,4월,.267,961,849,142,227,31,5,47,409,137,9,9,71,22,5,196,22,9,10,.336,.482,.818
553,9,삼성,17개,4월,.260,988,892,104,232,29,6,21,336,97,12,7,70,12,4,191,19,9,5,.321,.377,.697
554,10,kt,17개,4월,.229,895,812,78,186,29,2,14,261,75,15,7,61,5,2,168,14,10,6,.285,.321,.607
555,1,롯데,17개,5월,.301,965,851,129,256,50,4,26,392,124,16,11,75,21,3,147,29,16,2,.371,.461,.832
556,2,두산,17개,5월,.299,947,816,144,244,38,4,28,374,134,15,7,96,20,0,149,24,6,9,.383,.458,.841
557,3,한화,17개,5월,.292,1005,879,126,257,41,2,21,365,117,15,8,78,25,3,173,16,18,4,.365,.415,.780
558,4,넥센,17개,5월,.291,985,873,118,254,49,5,15,358,112,12,7,81,16,4,178,26,6,9,.359,.410,.769
559,5,KIA,17개,5월,.288,1076,938,147,270,53,7,28,421,143,4,9,105,17,6,171,20,8,8,.367,.449,.816
560,6,kt,17개,5월,.287,1008,904,126,259,56,5,21,388,116,16,8,74,11,2,201,27,13,6,.346,.429,.775
561,7,LG,17개,5월,.278,908,802,99,223,31,5,12,300,92,18,11,69,16,2,162,29,14,7,.345,.374,.719
562,8,NC,17개,5월,.275,958,852,108,234,44,5,13,327,101,9,6,66,20,3,166,26,9,11,.337,.384,.721
563,9,SK,17개,5월,.266,1009,877,132,233,38,2,38,389,128,14,5,97,17,5,196,17,11,7,.348,.444,.791
564,10,삼성,17개,5월,.250,951,844,122,211,41,9,26,348,108,20,7,79,10,5,148,19,10,8,.319,.412,.731
565,1,KIA,17개,6월,.341,1016,892,194,304,62,8,30,472,182,10,6,92,15,2,140,20,6,11,.407,.529,.936
566,2,NC,17개,6월,.313,1034,875,166,274,48,0,25,397,158,20,6,102,29,1,149,21,16,12,.398,.454,.852
567,3,한화,17개,6월,.307,1005,882,159,271,50,5,37,442,150,12,10,76,19,2,148,25,16,12,.370,.501,.871
568,4,두산,17개,6월,.304,1029,912,160,277,56,4,38,455,153,10,3,93,14,3,167,21,4,6,.375,.499,.874
569,5,LG,17개,6월,.303,1001,867,152,263,54,6,19,386,146,11,12,89,19,6,188,15,14,12,.376,.445,.821
570,6,넥센,17개,6월,.301,983,880,144,265,48,5,22,389,136,16,8,81,10,2,170,28,2,10,.363,.442,.805
571,7,삼성,17개,6월,.286,1031,920,151,263,56,8,25,410,138,22,6,74,14,1,167,13,9,14,.343,.446,.789
572,8,롯데,17개,6월,.285,1019,905,134,258,39,4,32,401,126,9,5,79,19,6,178,26,14,2,.354,.443,.797
573,9,kt,17개,6월,.280,976,881,120,247,55,2,17,357,113,16,11,65,10,1,162,23,10,10,.333,.405,.739
574,10,SK,17개,6월,.256,983,867,133,222,43,0,50,415,129,4,10,80,25,2,178,12,6,5,.335,.479,.813
575,1,KIA,17개,7월,.316,895,791,156,250,43,3,40,419,150,14,3,75,14,6,145,15,9,6,.383,.530,.912
576,2,두산,17개,7월,.311,800,717,127,223,46,4,30,367,124,10,5,59,9,3,128,18,7,8,.367,.512,.879
577,3,NC,17개,7월,.305,833,712,110,217,45,3,20,328,104,11,7,80,21,3,133,18,14,6,.388,.461,.849
578,4,넥센,17개,7월,.296,879,767,133,227,40,4,31,368,129,6,3,83,19,4,161,18,5,5,.376,.480,.856
579,5,LG,17개,7월,.295,730,638,113,188,29,3,24,295,108,4,4,53,16,1,110,17,12,11,.358,.462,.820
580,6,한화,17개,7월,.289,761,692,103,200,39,0,30,329,94,11,6,51,5,1,129,20,9,3,.341,.475,.816
581,7,삼성,17개,7월,.279,856,756,109,211,40,2,21,318,100,14,6,64,15,0,161,17,12,9,.344,.421,.764
582,8,SK,17개,7월,.265,890,775,125,205,30,2,38,353,119,10,5,81,22,6,165,19,7,5,.349,.455,.804
583,9,롯데,17개,7월,.260,854,743,90,193,37,2,16,282,87,14,5,69,24,11,158,26,13,5,.340,.380,.720
584,10,kt,17개,7월,.253,706,617,72,156,39,0,10,225,70,13,6,61,11,2,114,16,13,4,.329,.365,.694
585,1,삼성,17개,8월,.306,976,872,131,267,42,6,22,387,124,15,8,75,14,4,163,16,7,8,.367,.444,.811
586,2,한화,17개,8월,.297,896,790,123,235,45,2,22,350,113,11,8,69,16,3,146,15,14,7,.363,.443,.806
587,3,두산,17개,8월,.297,1054,927,151,275,61,3,28,426,145,6,7,89,19,6,160,26,12,7,.368,.460,.827
588,4,KIA,17개,8월,.296,827,726,116,215,43,4,22,332,114,14,4,72,12,1,129,22,9,8,.366,.457,.823
589,5,롯데,17개,8월,.294,1068,948,160,279,48,1,36,437,155,24,7,86,13,9,198,22,11,10,.358,.461,.819
590,6,kt,17개,8월,.292,929,825,118,241,48,3,29,382,117,17,9,68,18,2,171,21,11,7,.356,.463,.819
591,7,넥센,17개,8월,.286,1026,917,139,262,54,5,27,407,133,16,6,87,12,1,208,21,3,7,.353,.444,.797
592,8,SK,17개,8월,.286,945,851,113,243,49,3,28,382,108,12,8,54,19,2,183,18,13,8,.339,.449,.788
593,9,NC,17개,8월,.275,1051,938,126,258,58,4,27,405,115,23,3,77,22,2,186,20,6,8,.342,.432,.773
594,10,LG,17개,8월,.270,941,830,98,224,35,1,18,315,94,13,3,76,17,4,177,20,14,4,.342,.380,.722
595,1,NC,17개,9월,.324,836,741,133,240,34,0,36,382,125,10,2,67,14,5,130,15,9,5,.388,.516,.904
596,2,롯데,17개,9월,.300,717,647,98,194,36,1,18,286,87,10,5,46,13,2,120,18,7,4,.356,.442,.798
597,3,KIA,17개,9월,.300,909,814,131,244,36,2,29,371,124,11,6,65,12,1,131,19,10,8,.357,.456,.813
598,4,SK,17개,9월,.299,702,638,111,191,29,3,33,325,107,2,5,41,7,0,166,8,10,6,.345,.509,.855
599,5,kt,17개,9월,.292,802,739,113,216,38,5,23,333,108,8,9,38,9,1,168,14,5,11,.330,.451,.781
600,6,두산,17개,9월,.292,863,743,136,217,32,2,31,346,130,8,6,91,12,5,173,12,12,5,.376,.466,.842
601,7,삼성,17개,9월,.291,789,708,118,206,39,4,26,331,114,15,3,56,5,3,134,11,10,10,.343,.468,.810
602,8,한화,17개,9월,.267,884,782,106,209,42,2,21,318,96,5,5,67,16,3,179,16,13,6,.335,.407,.742
603,9,LG,17개,9월,.267,980,862,116,230,29,0,21,322,112,6,11,78,16,3,179,15,12,12,.335,.374,.708
604,10,넥센,17개,9월,.262,754,686,97,180,27,5,22,283,93,7,5,49,13,2,166,14,4,2,.323,.413,.735
605,1,KIA,18개,3월,.314,280,242,50,76,17,1,12,131,49,6,2,26,6,0,52,6,3,3,.390,.541,.931
606,2,KT,18개,3월,.313,280,262,48,82,13,0,16,143,44,5,1,17,0,0,56,3,1,0,.355,.546,.901
607,3,넥센,18개,3월,.294,299,255,38,75,14,0,10,119,35,4,2,30,7,2,65,5,6,1,.382,.467,.849
608,4,NC,18개,3월,.283,269,230,43,65,10,1,6,95,38,4,2,23,11,1,41,6,0,5,.368,.413,.781
609,5,한화,18개,3월,.275,267,244,25,67,8,2,6,97,23,6,4,18,5,0,52,6,0,0,.337,.398,.735
610,6,SK,18개,3월,.274,273,241,45,66,10,1,13,117,41,8,1,28,3,1,61,7,0,1,.355,.485,.841
611,7,LG,18개,3월,.261,270,241,29,63,14,0,6,95,29,2,2,22,2,0,48,5,2,3,.325,.394,.719
612,8,두산,18개,3월,.261,262,226,37,59,11,4,5,93,34,7,1,23,6,0,49,5,3,4,.340,.412,.751
613,9,삼성,18개,3월,.252,277,250,26,63,6,1,5,86,26,4,2,21,2,1,54,5,3,1,.314,.344,.658
614,10,롯데,18개,3월,.196,253,224,21,44,10,1,3,65,19,2,1,24,1,0,64,6,2,2,.275,.290,.565
615,1,LG,18개,4월,.308,949,839,138,258,48,1,29,395,127,13,6,80,12,5,171,25,12,6,.374,.471,.844
616,2,롯데,18개,4월,.302,885,784,127,237,43,1,28,366,126,6,5,68,20,0,178,18,5,8,.369,.467,.836
617,3,두산,18개,4월,.293,934,818,143,240,49,6,27,382,132,20,5,84,12,5,179,13,11,9,.364,.467,.831
618,4,SK,18개,4월,.292,943,818,143,239,49,2,44,424,138,19,8,92,16,2,188,20,12,5,.373,.518,.891
619,5,KIA,18개,4월,.289,814,729,108,211,37,1,24,322,106,8,6,57,12,4,126,23,11,5,.349,.442,.790
620,6,KT,18개,4월,.283,950,853,131,241,57,3,33,403,126,20,11,84,7,1,177,17,4,2,.351,.472,.823
621,7,한화,18개,4월,.279,845,753,119,210,39,2,19,310,107,15,10,67,15,4,168,14,2,8,.346,.412,.758
622,8,삼성,18개,4월,.277,987,869,110,241,45,4,20,354,98,20,8,86,16,1,193,23,11,5,.351,.407,.759
623,9,넥센,18개,4월,.249,956,851,93,212,39,4,19,316,91,10,7,81,10,5,210,14,8,6,.320,.371,.691
624,10,NC,18개,4월,.229,874,803,80,184,29,2,18,271,76,16,5,49,11,0,192,20,6,5,.281,.337,.619
625,1,KIA,18개,5월,.313,1044,929,161,291,49,5,34,452,152,18,4,85,16,3,154,28,6,8,.378,.487,.864
626,2,LG,18개,5월,.306,1019,919,145,281,55,5,19,403,135,14,3,68,8,4,175,20,10,14,.354,.439,.792
627,3,넥센,18개,5월,.305,1014,914,155,279,47,6,37,449,150,25,6,73,16,3,196,12,5,6,.365,.491,.856
628,4,삼성,18개,5월,.303,976,866,138,262,51,4,25,396,130,19,13,71,14,3,146,22,13,12,.360,.457,.818
629,5,두산,18개,5월,.294,926,841,133,247,56,9,21,384,124,8,5,63,11,2,162,11,1,10,.347,.457,.804
630,6,롯데,18개,5월,.282,921,827,121,233,53,5,22,362,117,9,4,69,8,5,185,26,12,5,.341,.438,.779
631,7,SK,18개,5월,.276,887,797,116,220,36,2,30,350,108,8,6,62,17,0,159,16,6,5,.339,.439,.779
632,8,KT,18개,5월,.274,941,844,120,231,55,3,24,364,111,5,9,70,16,4,177,19,5,6,.339,.431,.770
633,9,한화,18개,5월,.271,949,853,115,231,37,4,24,348,101,11,9,70,13,2,168,29,6,7,.333,.408,.741
634,10,NC,18개,5월,.253,960,863,95,218,41,3,27,346,91,9,3,74,12,1,208,13,5,6,.318,.401,.719
635,1,두산,18개,6월,.332,1066,940,193,312,53,4,47,514,184,13,2,89,17,4,166,30,10,10,.396,.547,.943
636,2,롯데,18개,6월,.295,1069,938,174,277,45,2,54,488,167,14,5,96,16,9,196,17,11,8,.368,.520,.888
637,3,넥센,18개,6월,.292,1023,913,158,267,53,2,21,387,151,19,3,82,16,6,213,16,1,11,.357,.424,.781
638,4,LG,18개,6월,.289,922,820,134,237,47,2,26,366,128,20,9,72,15,1,186,27,5,10,.353,.446,.800
639,5,삼성,18개,6월,.283,985,873,144,247,50,5,21,370,140,15,3,83,16,1,164,17,7,6,.354,.424,.778
640,6,KIA,18개,6월,.271,854,749,115,203,36,3,24,317,109,14,4,73,14,8,143,26,11,7,.344,.423,.767
641,7,한화,18개,6월,.268,999,891,140,239,50,3,30,385,129,36,13,83,15,2,213,15,5,5,.339,.432,.771
642,8,SK,18개,6월,.267,901,791,128,211,34,2,45,384,124,16,8,70,23,1,175,15,12,5,.342,.485,.827
643,9,NC,18개,6월,.254,919,804,100,204,40,1,18,300,95,19,9,80,21,1,185,21,9,5,.335,.373,.708
644,10,KT,18개,6월,.252,886,798,91,201,33,4,28,326,87,14,14,64,11,3,188,17,10,3,.315,.409,.724
645,1,두산,18개,7월,.326,860,766,133,250,38,3,32,390,127,13,3,64,12,0,148,20,9,9,.383,.509,.892
646,2,삼성,18개,7월,.302,895,799,119,241,32,4,22,347,111,18,11,66,13,4,152,19,9,8,.361,.434,.796
647,3,LG,18개,7월,.299,892,810,131,242,47,1,28,375,121,9,5,59,15,1,146,19,5,3,.356,.463,.819
648,4,롯데,18개,7월,.295,835,753,117,222,47,4,27,358,111,9,6,61,11,2,167,16,5,5,.354,.475,.830
649,5,SK,18개,7월,.289,869,758,111,219,36,4,33,362,104,26,6,80,13,1,162,16,9,9,.363,.478,.840
650,6,KT,18개,7월,.288,819,735,124,212,31,2,41,370,119,16,8,69,4,1,168,20,6,5,.351,.503,.854
651,7,한화,18개,7월,.288,857,779,105,224,44,2,15,317,95,21,7,57,12,4,194,18,5,4,.344,.407,.751
652,8,KIA,18개,7월,.278,843,745,110,207,34,6,18,307,101,14,8,68,15,2,141,17,6,9,.347,.412,.759
653,9,넥센,18개,7월,.262,906,795,118,208,45,2,28,341,110,15,3,84,12,2,191,19,3,12,.337,.429,.766
654,10,NC,18개,7월,.259,856,758,95,196,39,4,15,288,91,17,6,70,14,7,160,16,6,8,.329,.380,.709
655,1,넥센,18개,8월,.388,575,508,116,197,35,2,19,293,112,16,7,48,8,2,100,14,4,7,.443,.577,1.020
656,2,KIA,18개,8월,.352,526,454,107,160,32,2,23,265,102,7,4,46,13,2,67,8,10,3,.424,.584,1.008
657,3,롯데,18개,8월,.310,430,387,65,120,25,1,16,195,65,6,4,30,6,3,79,5,4,3,.366,.504,.870
658,4,LG,18개,8월,.308,527,471,86,145,34,1,18,235,83,6,3,40,6,0,81,12,4,6,.365,.499,.864
659,5,NC,18개,8월,.307,531,479,84,147,31,4,26,264,83,3,1,38,7,2,104,11,4,3,.364,.551,.916
660,6,SK,18개,8월,.302,542,463,103,140,26,0,21,229,99,5,2,49,21,0,83,11,5,4,.391,.495,.886
661,7,두산,18개,8월,.301,516,448,73,135,21,2,14,202,69,5,2,48,8,0,86,10,5,7,.374,.451,.825
662,8,삼성,18개,8월,.285,513,446,76,127,15,4,15,195,70,12,8,45,10,1,96,9,5,7,.358,.437,.796
663,9,한화,18개,8월,.268,457,399,59,107,20,1,13,168,56,11,8,41,11,2,76,11,6,0,.353,.421,.774
664,10,KT,18개,8월,.250,483,428,64,107,19,0,20,186,64,5,4,45,1,1,114,8,4,5,.319,.435,.754
665,1,두산,18개,9월,.314,1022,884,190,278,44,2,40,446,187,24,3,100,22,4,170,12,4,12,.393,.505,.898
666,2,롯데,18개,9월,.294,899,796,133,234,44,2,35,387,127,15,5,82,15,1,182,19,5,1,.370,.486,.856
667,3,KIA,18개,9월,.294,941,793,157,233,40,3,22,345,148,16,5,116,15,6,139,17,5,12,.389,.435,.824
668,4,NC,18개,9월,.282,883,780,139,220,34,3,28,344,131,13,7,77,11,3,156,25,5,10,.351,.441,.792
669,5,KT,18개,9월,.279,927,818,131,228,37,1,33,366,125,13,7,89,5,4,166,13,11,4,.352,.447,.799
670,6,한화,18개,9월,.277,939,851,131,236,41,0,35,382,124,18,10,65,16,3,186,15,4,3,.339,.449,.788
671,7,SK,18개,9월,.276,941,840,142,232,37,2,34,375,137,14,6,69,20,1,179,15,8,4,.344,.446,.791
672,8,삼성,18개,9월,.275,961,854,122,235,34,6,28,365,117,24,5,82,12,3,195,17,8,5,.345,.427,.773
673,9,LG,18개,9월,.269,930,832,106,224,47,2,18,329,100,6,9,65,13,3,169,16,12,8,.329,.395,.724
674,10,넥센,18개,9월,.261,885,794,127,207,45,1,26,332,119,11,4,66,15,5,209,11,5,5,.327,.418,.745
675,1,한화,19개,3월,.297,332,276,61,82,22,0,8,128,58,6,3,42,6,0,66,9,3,5,.395,.464,.859
676,2,KT,19개,3월,.282,327,291,32,82,8,0,7,111,31,8,2,30,3,2,73,4,1,2,.353,.381,.734
677,3,삼성,19개,3월,.268,332,280,49,75,10,2,14,131,46,5,1,39,6,1,67,7,4,3,.366,.468,.834
678,4,NC,19개,3월,.258,303,271,40,70,6,1,15,123,40,2,3,25,6,2,57,8,1,0,.334,.454,.788
679,5,롯데,19개,3월,.252,308,270,41,68,18,1,4,100,40,6,1,26,2,0,60,5,5,5,.317,.370,.687
680,6,두산,19개,3월,.246,292,252,36,62,8,1,6,90,36,3,1,37,3,0,48,16,0,0,.349,.357,.707
681,7,키움,19개,3월,.237,317,278,30,66,14,0,4,92,28,3,3,32,3,1,64,2,2,2,.321,.331,.652
682,8,KIA,19개,3월,.234,307,265,34,62,15,1,4,91,33,3,3,35,4,0,62,3,1,2,.330,.343,.674
683,9,SK,19개,3월,.217,289,258,35,56,13,1,8,95,34,8,2,23,5,0,61,6,2,1,.293,.368,.661
684,10,LG,19개,3월,.210,308,271,28,57,13,0,5,85,25,6,1,31,4,0,63,7,0,2,.299,.314,.612
685,1,키움,19개,4월,.309,988,864,153,267,53,7,17,385,146,22,7,102,9,4,163,20,2,11,.383,.446,.829
686,2,NC,19개,4월,.298,883,788,124,235,56,2,23,364,115,10,8,62,17,1,156,24,6,10,.358,.462,.820
687,3,두산,19개,4월,.284,954,809,144,230,46,9,20,354,133,15,8,109,14,4,150,20,4,18,.372,.438,.809
688,4,LG,19개,4월,.277,872,762,112,211,34,4,15,298,104,19,8,81,10,3,137,26,10,9,.350,.391,.741
689,5,롯데,19개,4월,.268,860,760,99,204,27,6,14,285,89,4,4,75,12,5,166,15,7,6,.341,.375,.716
690,6,KIA,19개,4월,.267,882,779,103,208,43,5,14,303,95,13,6,79,8,4,167,12,6,10,.337,.389,.726
691,7,삼성,19개,4월,.262,879,771,96,202,45,5,13,296,92,20,4,77,9,2,168,14,11,11,.332,.384,.716
692,8,한화,19개,4월,.252,790,699,88,176,35,1,14,255,85,15,4,69,9,4,174,25,6,7,.324,.365,.689
693,9,KT,19개,4월,.246,898,813,87,200,27,2,16,279,80,14,6,68,8,2,173,21,5,4,.309,.343,.652
694,10,SK,19개,4월,.245,912,801,95,196,30,3,22,298,91,15,3,87,14,4,177,10,4,6,.327,.372,.699
695,1,NC,19개,5월,.296,1049,926,131,274,42,7,22,396,127,17,8,81,15,3,161,20,15,12,.358,.428,.786
696,2,KT,19개,5월,.283,1012,892,128,252,43,3,16,349,122,14,8,91,13,5,176,22,9,7,.355,.391,.746
697,3,키움,19개,5월,.276,1030,921,147,254,43,8,23,382,139,14,6,85,14,1,165,27,3,7,.344,.415,.759
698,4,롯데,19개,5월,.274,1093,964,144,264,41,5,18,369,138,18,7,95,17,2,217,17,9,8,.347,.383,.730
699,5,두산,19개,5월,.272,1025,887,116,241,42,6,15,340,110,22,9,108,13,4,160,21,5,12,.355,.383,.738
700,6,삼성,19개,5월,.270,1004,877,118,237,39,6,19,345,115,24,11,85,15,7,171,22,13,14,.340,.393,.733
701,7,SK,19개,5월,.269,1028,914,131,246,31,4,23,354,124,29,12,82,20,6,177,17,5,6,.341,.387,.728
702,8,KIA,19개,5월,.269,1031,915,119,246,50,5,15,351,106,19,8,87,9,3,153,16,12,8,.336,.384,.719
703,9,LG,19개,5월,.256,970,876,88,224,38,2,10,296,80,12,14,68,14,2,184,12,8,4,.318,.338,.656
704,10,한화,19개,5월,.241,1014,907,105,219,37,4,19,321,96,28,10,79,13,2,190,16,8,7,.309,.354,.663
705,1,SK,19개,6월,.299,1003,886,137,265,50,2,19,376,130,6,9,82,22,5,147,16,4,9,.369,.424,.794
706,2,KT,19개,6월,.290,981,870,122,252,31,1,20,345,114,21,12,88,6,2,158,17,7,10,.355,.397,.752
707,3,삼성,19개,6월,.276,922,820,119,226,45,3,27,358,113,17,6,71,13,4,154,21,14,4,.341,.437,.778
708,4,키움,19개,6월,.273,977,856,125,234,42,4,22,350,119,24,4,88,12,3,173,15,12,9,.346,.409,.755
709,5,두산,19개,6월,.271,962,830,110,225,45,0,8,294,103,13,2,101,12,2,143,24,6,13,.354,.354,.708
710,6,LG,19개,6월,.270,989,881,115,238,44,2,18,340,108,25,6,74,13,7,151,19,11,10,.332,.386,.718
711,7,KIA,19개,6월,.270,965,842,109,227,42,4,11,310,102,17,8,98,12,2,166,25,6,7,.351,.368,.720
712,8,NC,19개,6월,.253,894,794,82,201,38,1,15,286,75,10,8,77,7,2,148,19,5,11,.321,.360,.681
713,9,한화,19개,6월,.248,940,815,112,202,37,3,13,284,102,22,9,93,11,4,218,16,12,9,.330,.348,.678
714,10,롯데,19개,6월,.244,944,828,99,202,28,2,15,279,92,14,8,90,11,2,161,18,9,6,.324,.337,.661
715,1,KT,19개,7월,.299,712,623,93,186,27,5,10,253,88,12,6,62,6,0,107,16,9,12,.361,.406,.767
716,2,NC,19개,7월,.287,764,666,98,191,38,3,14,277,95,16,3,68,12,2,111,23,8,10,.359,.416,.774
717,3,키움,19개,7월,.280,707,636,102,178,29,11,12,265,98,12,6,51,9,2,122,15,5,6,.339,.417,.756
718,4,SK,19개,7월,.275,726,647,98,178,35,0,15,258,94,25,7,62,6,2,111,18,5,6,.341,.399,.740
719,5,KIA,19개,7월,.264,611,527,73,139,23,0,12,198,70,8,4,70,7,2,99,12,1,6,.354,.376,.730
720,6,두산,19개,7월,.261,676,586,90,153,31,3,10,220,86,3,4,54,12,0,89,9,9,15,.328,.375,.704
721,7,LG,19개,7월,.261,671,595,83,155,26,4,13,228,79,13,4,54,8,0,115,16,7,7,.327,.383,.710
722,8,삼성,19개,7월,.257,726,643,76,165,32,5,18,261,74,15,6,60,14,0,117,15,5,4,.332,.406,.737
723,9,한화,19개,7월,.253,713,655,74,166,30,2,14,242,64,11,6,46,5,1,127,14,3,4,.306,.369,.675
724,10,롯데,19개,7월,.228,660,593,54,135,24,4,12,203,53,13,3,52,6,2,156,12,3,6,.294,.342,.636
725,1,키움,19개,8월,.303,1029,893,162,271,51,8,27,419,154,21,4,108,11,0,142,27,6,11,.381,.469,.850
726,2,두산,19개,8월,.302,961,839,141,253,40,9,20,371,133,26,9,88,12,3,116,16,8,14,.370,.442,.813
727,3,LG,19개,8월,.297,946,838,137,249,40,2,15,338,131,13,7,71,18,5,161,20,8,11,.360,.403,.764
728,4,KT,19개,8월,.274,982,873,114,239,29,5,19,335,112,15,6,84,9,3,165,19,11,5,.342,.384,.726
729,5,KIA,19개,8월,.267,986,879,104,235,50,2,12,325,100,18,5,83,10,2,146,20,5,9,.334,.370,.704
730,6,NC,19개,8월,.265,929,804,109,213,41,7,19,325,101,13,9,86,15,2,123,19,12,12,.342,.404,.747
731,7,한화,19개,8월,.261,889,812,85,212,32,5,11,287,83,14,11,50,16,1,162,21,4,7,.314,.353,.668
732,8,SK,19개,8월,.255,920,829,94,211,42,4,9,288,90,21,11,68,10,1,172,12,6,7,.316,.347,.664
733,9,롯데,19개,8월,.251,912,843,92,212,45,4,19,322,86,6,4,48,13,1,172,22,1,7,.300,.382,.682
734,10,삼성,19개,8월,.225,818,714,76,161,27,2,10,222,74,13,8,74,13,0,128,10,6,11,.305,.311,.616
735,1,두산,19개,9월,.276,758,670,93,185,22,2,5,226,85,20,5,65,6,3,87,11,6,11,.340,.337,.678
736,2,KT,19개,9월,.272,670,603,74,164,22,4,15,239,68,20,4,52,7,1,123,14,3,5,.334,.396,.731
737,3,NC,19개,9월,.269,764,676,85,182,26,5,20,278,82,18,6,55,11,2,117,12,17,5,.332,.411,.743
738,4,한화,19개,9월,.269,804,718,82,193,30,1,9,252,74,9,8,62,10,0,153,11,8,6,.333,.351,.684
739,5,LG,19개,9월,.258,780,705,78,182,38,1,18,276,77,20,7,55,10,0,151,17,5,5,.319,.391,.710
740,6,KIA,19개,9월,.253,723,667,63,169,25,2,8,222,61,9,8,45,8,0,126,20,0,3,.307,.333,.640
741,7,키움,19개,9월,.250,572,508,58,127,16,0,7,164,55,13,2,45,11,2,105,15,6,2,.323,.323,.646
742,8,SK,19개,9월,.236,664,584,65,138,17,0,21,218,59,14,6,58,10,2,121,13,9,3,.315,.373,.688
743,9,삼성,19개,9월,.235,852,761,88,179,32,3,21,280,84,13,6,72,8,1,171,18,5,6,.306,.368,.674
744,10,롯데,19개,9월,.219,674,625,48,137,31,0,8,192,46,4,4,42,4,0,145,19,1,2,.272,.307,.579
745,1,KT,20개,5월,.306,931,832,147,255,44,9,25,392,139,14,9,70,8,1,163,12,9,12,.361,.471,.832
746,2,두산,20개,5월,.299,934,824,139,246,43,4,23,366,129,7,9,78,11,2,142,26,5,16,.361,.444,.805
747,3,NC,20개,5월,.296,934,814,152,241,41,2,35,391,146,15,5,82,19,4,166,13,10,9,.370,.480,.851
748,4,LG,20개,5월,.294,895,790,142,232,48,6,26,370,136,16,8,82,11,4,151,21,6,6,.366,.468,.834
749,5,KIA,20개,5월,.276,953,837,114,231,44,0,23,344,109,10,4,92,10,0,161,20,6,8,.352,.411,.763
750,6,키움,20개,5월,.268,949,828,136,222,45,4,24,347,125,16,3,98,12,2,177,15,2,9,.351,.419,.770
751,7,롯데,20개,5월,.255,907,801,101,204,45,0,15,294,92,14,4,82,12,0,151,18,2,10,.329,.367,.696
752,8,삼성,20개,5월,.251,905,788,124,198,44,1,22,310,117,16,9,85,11,2,160,17,8,13,.328,.393,.721
753,9,SK,20개,5월,.243,882,778,96,189,28,7,18,285,90,15,8,81,9,3,171,23,7,7,.319,.366,.685
754,10,한화,20개,5월,.242,879,793,86,192,34,1,16,276,82,16,9,66,11,0,173,25,6,3,.308,.348,.656
755,1,NC,20개,6월,.290,960,847,154,246,50,4,36,412,150,13,7,80,19,2,163,21,5,9,.361,.486,.848
756,2,두산,20개,6월,.290,1021,889,156,258,52,3,27,397,149,10,2,101,14,5,151,24,4,13,.367,.447,.813
757,3,롯데,20개,6월,.286,905,809,116,231,41,2,20,336,111,19,7,76,7,8,139,20,9,4,.350,.415,.766
758,4,LG,20개,6월,.284,974,870,120,247,39,2,15,335,114,18,10,65,11,4,149,16,12,16,.336,.385,.721
759,5,KT,20개,6월,.272,988,870,128,237,41,1,30,370,118,18,2,92,10,6,197,17,11,5,.347,.425,.772
760,6,삼성,20개,6월,.267,949,849,123,227,44,1,22,339,118,29,8,70,15,0,174,22,7,8,.331,.399,.731
761,7,키움,20개,6월,.267,998,848,146,226,43,8,31,378,137,17,4,115,13,3,197,17,10,12,.358,.446,.804
762,8,KIA,20개,6월,.266,765,677,104,180,26,2,24,282,101,6,2,66,7,0,135,23,11,4,.336,.417,.752
763,9,한화,20개,6월,.239,893,800,84,191,30,2,12,261,81,8,3,70,15,1,175,20,6,2,.311,.326,.637
764,10,SK,20개,6월,.235,927,827,82,194,24,3,20,284,80,9,5,78,9,2,176,20,10,3,.306,.343,.650
765,1,두산,20개,7월,.313,909,808,131,253,41,4,19,359,129,22,6,74,12,3,118,19,6,9,.375,.444,.820
766,2,KT,20개,7월,.299,862,770,129,230,35,1,31,360,121,18,14,79,4,1,180,18,5,4,.365,.468,.833
767,3,삼성,20개,7월,.298,887,769,123,229,35,3,21,333,116,24,13,90,10,2,153,20,10,8,.375,.433,.808
768,4,KIA,20개,7월,.288,908,789,125,227,38,3,21,334,118,3,3,85,16,5,151,18,14,4,.367,.423,.790
769,5,NC,20개,7월,.287,877,788,131,226,40,5,27,357,126,20,5,66,8,2,143,17,8,6,.346,.453,.799
770,6,롯데,20개,7월,.282,870,762,121,215,39,0,21,317,115,17,6,83,9,2,134,27,9,7,.357,.416,.773
771,7,LG,20개,7월,.278,969,850,155,236,39,6,33,386,148,10,5,91,17,3,165,20,6,5,.357,.454,.811
772,8,키움,20개,7월,.277,938,815,126,226,36,4,26,348,119,21,5,98,11,3,162,23,5,9,.359,.427,.786
773,9,SK,20개,7월,.257,960,845,116,217,26,0,32,339,109,16,8,89,13,3,181,18,8,5,.335,.401,.736
774,10,한화,20개,7월,.229,943,828,84,190,35,0,10,255,77,10,9,96,7,2,186,27,6,6,.313,.308,.621
775,1,두산,20개,8월,.298,1013,890,136,265,35,2,24,376,129,22,10,95,11,4,140,25,7,10,.369,.422,.791
776,2,NC,20개,8월,.292,944,819,142,239,46,7,26,377,132,12,7,95,18,3,160,17,7,5,.376,.460,.836
777,3,키움,20개,8월,.285,1045,901,138,257,50,4,19,372,131,30,4,103,16,4,150,26,15,10,.365,.413,.778
778,4,LG,20개,8월,.282,979,865,145,244,41,8,33,400,140,10,5,91,11,3,191,22,6,6,.356,.462,.818
779,5,롯데,20개,8월,.280,891,776,126,217,41,2,21,325,119,18,4,88,10,3,122,21,8,9,.357,.419,.776
780,6,SK,20개,8월,.278,903,769,128,214,36,4,25,333,123,7,6,99,16,1,132,18,10,9,.368,.433,.802
781,7,삼성,20개,8월,.260,901,809,89,210,31,1,18,297,85,21,7,67,11,3,160,15,7,7,.322,.367,.689
782,8,KIA,20개,8월,.258,976,857,129,221,30,1,23,322,124,10,3,95,11,0,197,8,11,2,.339,.376,.715
783,9,KT,20개,8월,.248,910,781,113,194,38,3,22,304,104,14,9,107,8,1,175,20,8,6,.343,.389,.732
784,10,한화,20개,8월,.235,820,706,82,166,21,5,12,233,76,4,6,78,20,1,169,14,9,7,.326,.330,.656
785,1,NC,20개,9월,.299,1061,911,166,272,44,6,27,409,155,28,10,103,24,6,182,18,11,12,.380,.449,.829
786,2,KT,20개,9월,.287,1043,902,142,259,35,3,26,378,136,21,9,104,13,4,197,17,13,11,.365,.419,.784
787,3,KIA,20개,9월,.287,958,829,128,238,47,4,19,350,119,4,8,96,13,3,150,21,12,8,.367,.422,.789
788,4,롯데,20개,9월,.280,1073,925,147,259,42,0,18,355,141,13,6,124,10,3,161,34,4,10,.368,.384,.751
789,5,삼성,20개,9월,.275,979,867,129,238,26,4,23,341,117,19,4,85,5,1,165,21,12,10,.339,.393,.733
790,6,LG,20개,9월,.272,954,847,129,230,45,4,28,367,122,16,3,85,7,3,184,18,9,6,.341,.433,.774
791,7,키움,20개,9월,.267,1090,951,138,254,50,4,15,357,131,22,4,113,12,1,215,16,6,8,.350,.375,.725
792,8,한화,20개,9월,.262,1011,896,113,235,35,1,19,329,110,7,6,77,20,2,249,17,12,6,.332,.367,.700
793,9,두산,20개,9월,.248,967,839,111,208,42,4,13,297,103,8,6,101,10,2,143,20,8,9,.333,.354,.687
794,10,SK,20개,9월,.233,974,867,108,202,35,0,24,309,99,18,9,86,8,4,177,22,7,6,.306,.356,.663
795,1,KT,21개,4월,.295,947,797,140,235,34,5,14,321,127,26,10,126,9,5,160,21,8,7,.394,.403,.797
796,2,두산,21개,4월,.289,938,817,130,236,30,3,19,329,124,8,6,100,10,2,157,18,5,6,.371,.403,.774
797,3,롯데,21개,4월,.275,957,822,120,226,44,1,18,326,117,10,8,119,8,5,171,22,6,2,.371,.397,.768
798,4,삼성,21개,4월,.273,933,801,120,219,33,3,23,327,110,22,6,104,8,4,155,17,7,13,.358,.408,.766
799,5,NC,21개,4월,.262,923,791,125,207,33,4,33,347,123,10,6,92,29,1,173,11,6,5,.358,.439,.796
800,6,KIA,21개,4월,.243,941,803,95,195,31,5,5,251,93,15,4,107,12,6,163,16,11,8,.338,.313,.650
801,7,키움,21개,4월,.243,954,828,107,201,47,5,10,288,94,19,5,100,13,4,187,17,5,8,.331,.348,.679
802,8,한화,21개,4월,.239,878,763,110,182,38,3,11,259,101,16,6,98,8,4,209,18,6,3,.330,.339,.670
803,9,SSG,21개,4월,.236,885,768,103,181,26,0,24,279,96,17,7,89,17,1,177,9,3,8,.325,.363,.689
804,10,LG,21개,4월,.228,870,744,86,170,34,2,20,268,83,17,6,103,11,3,146,16,5,7,.328,.360,.689
805,1,NC,21개,5월,.285,950,813,142,232,42,1,34,378,134,17,6,103,13,1,155,18,13,8,.371,.465,.836
806,2,키움,21개,5월,.285,940,796,148,227,45,5,20,342,139,19,5,111,17,2,174,15,3,13,.379,.430,.809
807,3,SSG,21개,5월,.282,954,799,137,225,40,4,32,369,126,21,7,121,13,2,174,18,14,7,.382,.462,.844
808,4,삼성,21개,5월,.279,900,786,123,219,38,4,23,334,115,23,4,81,9,2,136,13,10,14,.347,.425,.772
809,5,KIA,21개,5월,.275,871,748,97,206,25,4,11,272,93,12,8,97,13,2,135,23,9,4,.367,.364,.730
810,6,두산,21개,5월,.274,882,752,111,206,28,2,20,298,106,8,9,100,13,1,139,25,8,9,.365,.396,.761
811,7,LG,21개,5월,.267,960,815,119,218,44,3,22,334,114,17,4,111,17,2,151,21,10,7,.364,.410,.774
812,8,롯데,21개,5월,.262,863,757,101,198,39,1,17,290,97,16,4,92,3,3,161,20,3,8,.341,.383,.724
813,9,KT,21개,5월,.256,878,746,111,191,43,0,17,285,106,12,7,106,13,3,192,17,8,5,.356,.382,.738
814,10,한화,21개,5월,.236,882,747,83,176,30,4,10,244,78,14,10,104,10,1,200,13,11,10,.333,.327,.660
815,1,롯데,21개,6월,.301,1061,925,168,278,51,2,28,417,162,10,7,115,7,2,181,21,4,10,.378,.451,.829
816,2,NC,21개,6월,.279,909,780,130,218,39,2,31,354,120,17,4,95,15,7,174,21,12,7,.366,.454,.820
817,3,삼성,21개,6월,.272,1006,889,128,242,36,3,25,359,122,21,6,87,11,5,155,15,13,6,.342,.404,.746
818,4,LG,21개,6월,.264,933,792,127,209,32,2,30,335,125,11,7,107,18,2,132,19,9,7,.362,.423,.785
819,5,두산,21개,6월,.263,973,855,128,225,46,4,20,339,120,18,6,93,10,3,177,25,9,6,.340,.396,.737
820,6,KT,21개,6월,.262,872,756,121,198,31,2,24,305,113,18,7,97,7,8,153,14,9,3,.350,.403,.753
821,7,SSG,21개,6월,.257,988,832,130,214,33,1,42,375,123,16,10,116,22,5,151,23,9,9,.360,.451,.810
822,8,키움,21개,6월,.254,1037,871,124,221,42,6,18,329,120,15,8,134,13,2,194,19,8,11,.358,.378,.735
823,9,한화,21개,6월,.235,931,803,87,189,41,5,19,297,77,22,8,106,11,3,233,22,9,2,.332,.370,.702
824,10,KIA,21개,6월,.220,871,759,62,167,26,4,8,225,60,9,5,90,11,0,147,12,5,6,.310,.296,.606
825,1,KIA,21개,7월,.294,229,201,37,59,12,1,6,91,37,5,1,22,2,1,39,4,0,4,.362,.453,.815
826,2,삼성,21개,7월,.289,276,242,39,70,10,0,10,110,36,8,2,22,5,1,41,4,4,3,.357,.455,.811
827,3,두산,21개,7월,.282,203,174,23,49,12,1,4,75,22,2,0,25,2,0,29,6,0,2,.374,.431,.805
828,4,키움,21개,7월,.264,284,242,47,64,12,0,5,91,45,6,1,37,4,1,53,1,1,0,.371,.376,.747
829,5,롯데,21개,7월,.262,282,248,28,65,8,0,3,82,28,3,1,25,3,0,42,7,2,4,.332,.331,.663
830,6,SSG,21개,7월,.245,398,335,49,82,16,0,9,125,48,4,3,47,9,2,72,10,4,3,.350,.373,.723
831,7,KT,21개,7월,.242,260,227,34,55,9,0,6,82,32,1,2,24,2,2,46,5,5,2,.318,.361,.679
832,8,LG,21개,7월,.240,152,129,16,31,4,0,1,38,15,1,0,20,1,0,21,4,0,2,.342,.295,.637
833,9,NC,21개,7월,.235,173,149,14,35,1,1,5,53,14,1,2,15,5,0,34,4,1,3,.320,.356,.676
834,10,한화,21개,7월,.219,303,256,29,56,7,0,4,75,29,2,5,30,7,0,65,5,5,5,.312,.293,.605
835,1,KT,21개,8월,.268,693,593,88,159,27,0,14,228,83,14,4,75,11,2,128,9,8,6,.358,.384,.742
836,2,SSG,21개,8월,.265,556,501,74,133,22,1,23,226,73,9,4,41,6,1,115,14,3,5,.326,.451,.777
837,3,NC,21개,8월,.265,554,475,59,126,21,1,13,188,58,20,6,48,15,0,118,8,9,7,.347,.396,.743
838,4,LG,21개,8월,.261,598,521,72,136,21,2,11,194,69,11,6,59,9,2,106,12,6,3,.345,.372,.717
839,5,두산,21개,8월,.254,601,536,86,136,34,0,14,212,85,4,1,43,12,0,114,18,5,5,.321,.396,.716
840,6,삼성,21개,8월,.246,653,553,83,136,18,2,9,185,77,19,6,74,9,6,118,13,5,12,.338,.335,.673
841,7,롯데,21개,8월,.241,603,519,63,125,21,0,10,176,60,3,4,64,9,0,95,13,5,6,.331,.339,.670
842,8,키움,21개,8월,.234,616,531,67,124,21,1,10,177,62,4,4,56,13,3,113,14,7,9,.317,.333,.650
843,9,한화,21개,8월,.231,678,571,84,132,25,1,10,189,78,19,10,79,11,0,154,15,8,9,.331,.331,.662
844,10,KIA,21개,8월,.228,538,452,62,103,25,0,9,155,57,6,1,69,8,2,81,13,7,2,.339,.343,.682
845,1,롯데,21개,9월,.286,1075,942,143,269,57,3,16,380,135,10,5,104,14,2,180,15,7,8,.362,.403,.766
846,2,SSG,21개,9월,.280,1076,931,141,261,35,3,28,386,133,15,6,110,13,7,186,20,12,10,.361,.415,.776
847,3,두산,21개,9월,.272,1037,897,139,244,51,5,20,365,130,21,8,87,28,4,164,29,9,16,.349,.407,.756
848,4,삼성,21개,9월,.270,1011,882,135,238,40,4,32,382,128,13,10,102,8,1,168,19,7,12,.347,.433,.780
849,5,키움,21개,9월,.265,982,854,125,226,44,4,16,326,117,21,2,87,23,4,158,14,6,12,.344,.382,.726
850,6,한화,21개,9월,.263,1027,868,126,228,42,3,16,324,120,24,8,124,16,3,230,23,8,11,.361,.373,.734
851,7,KT,21개,9월,.256,997,859,128,220,44,1,15,311,121,24,12,107,8,2,196,17,10,12,.340,.362,.702
852,8,LG,21개,9월,.253,907,797,112,202,44,1,13,287,101,13,5,76,17,3,157,17,7,10,.328,.360,.688
853,9,NC,21개,9월,.243,1013,903,122,219,32,5,31,354,117,18,10,76,19,0,220,19,8,7,.312,.392,.705
854,10,KIA,21개,9월,.236,1045,915,106,216,30,4,16,302,101,10,6,109,8,1,177,23,6,7,.321,.330,.651
855,1,롯데,22개,4월,.265,929,834,98,221,40,2,16,313,94,6,8,69,6,5,170,24,13,7,.323,.375,.698
856,2,KIA,22개,4월,.261,932,823,103,215,48,4,11,304,96,7,3,87,13,2,177,23,6,3,.340,.369,.710
857,3,LG,22개,4월,.249,947,841,105,209,40,5,14,301,95,20,9,75,12,3,164,23,11,8,.316,.358,.674
858,4,KT,22개,4월,.244,904,802,91,196,24,2,16,272,82,19,8,74,14,1,199,14,10,4,.318,.339,.657
859,5,두산,22개,4월,.243,910,804,90,195,35,2,7,255,82,24,7,76,12,3,167,16,11,7,.315,.317,.632
860,6,SSG,22개,4월,.242,961,839,113,203,44,5,14,299,109,12,6,85,20,3,184,16,9,8,.324,.356,.680
861,7,삼성,22개,4월,.239,952,848,105,203,37,4,11,281,96,20,6,74,11,3,171,16,11,8,.306,.331,.637
862,8,키움,22개,4월,.231,954,848,88,196,41,5,17,298,84,18,4,73,20,3,181,12,7,6,.305,.351,.657
863,9,NC,22개,4월,.230,940,826,85,190,37,1,10,259,80,12,8,81,11,2,195,16,12,10,.304,.314,.617
864,10,한화,22개,4월,.225,933,819,85,184,29,2,12,253,77,28,8,94,9,1,224,14,5,6,.309,.309,.618
865,1,KIA,22개,5월,.284,1047,897,164,255,48,4,30,401,151,19,7,110,20,7,168,23,9,11,.371,.447,.818
866,2,LG,22개,5월,.279,1016,893,135,249,39,4,25,371,130,13,9,90,18,3,151,21,6,9,.354,.415,.769
867,3,삼성,22개,5월,.276,964,861,106,238,40,4,19,343,102,22,4,77,5,10,175,26,12,9,.336,.398,.735
868,4,NC,22개,5월,.271,998,884,113,240,55,1,21,360,109,16,9,81,19,5,180,29,6,8,.343,.407,.750
869,5,SSG,22개,5월,.265,1024,888,128,235,45,5,23,359,118,14,10,95,18,5,196,19,14,9,.345,.404,.749
870,6,두산,22개,5월,.259,990,860,132,223,42,1,14,309,118,21,8,100,9,3,157,31,11,10,.339,.359,.698
871,7,키움,22개,5월,.257,1019,895,135,230,49,9,16,345,122,12,5,93,13,7,189,14,8,10,.332,.385,.718
872,8,한화,22개,5월,.251,985,878,124,220,38,8,22,340,115,16,6,84,7,5,262,18,7,9,.318,.387,.705
873,9,KT,22개,5월,.248,1030,890,101,221,36,3,15,308,90,21,6,110,6,5,219,21,15,9,.332,.346,.678
874,10,롯데,22개,5월,.242,958,868,97,210,28,3,23,313,90,16,11,65,11,2,174,20,8,6,.301,.361,.662
875,1,두산,22개,6월,.273,318,278,54,76,12,2,12,128,51,1,4,32,3,0,43,5,1,4,.350,.460,.811
876,2,삼성,22개,6월,.273,334,300,43,82,15,0,5,112,41,8,0,21,2,2,59,2,7,4,.321,.373,.694
877,3,KT,22개,6월,.253,359,312,47,79,16,2,9,126,47,2,4,34,4,1,76,8,7,2,.332,.404,.736
878,4,한화,22개,6월,.253,309,273,38,69,17,0,3,95,35,3,8,31,2,0,70,7,0,2,.331,.348,.679
879,5,키움,22개,6월,.253,342,289,33,73,4,0,6,95,31,4,0,46,5,0,56,6,0,2,.363,.329,.691
880,6,LG,22개,6월,.246,328,284,51,70,11,3,9,114,47,5,2,33,9,1,50,1,1,1,.343,.401,.744
881,7,롯데,22개,6월,.246,326,297,28,73,14,1,2,95,23,1,3,21,4,3,61,6,3,1,.303,.320,.623
882,8,KIA,22개,6월,.239,310,280,36,67,5,1,11,107,36,8,0,23,3,0,55,5,2,2,.302,.382,.684
883,9,NC,22개,6월,.238,315,281,33,67,16,1,7,106,28,5,1,27,2,1,63,1,3,2,.308,.377,.685
884,10,SSG,22개,6월,.211,341,303,25,64,10,0,3,83,23,11,0,27,5,0,72,4,2,4,.283,.274,.557
