,name,year,month,era,bs_trip,selection,complete,shut_down,win,group,count,hold,innings,loss,blame,hitter,steersman,safety,stroke2,stroke3,homer,walk,high4,dune,fan,pitching,WHIP,bit_avg,on_base_per,OPS
0,1,15,3,8.28,17,3,0,0,0,3,0,0,25.0,25,23,124,107,35,11,0,6,13,0,2,22,532,1.92,.327,.410,1.008
1,4,15,3,6.46,14,3,0,0,0,3,2,0,23.2,17,17,111,93,27,3,1,5,14,1,1,19,417,1.73,.290,.385,.891
2,7,15,3,5.63,10,2,0,0,0,2,0,0,16.0,13,10,72,64,19,0,1,4,6,1,0,5,260,1.56,.297,.347,.863
3,8,15,3,5.04,17,3,0,0,3,0,5,1,25.0,14,14,115,95,28,4,0,2,17,2,1,19,482,1.80,.295,.404,.804
4,6,15,3,4.76,10,2,0,0,1,1,1,1,17.0,9,9,82,72,21,3,0,1,9,0,1,9,353,1.77,.292,.378,.753
5,3,15,3,4.67,15,3,0,0,2,1,3,1,27.0,14,14,115,97,21,7,1,1,14,0,1,21,473,1.30,.217,.319,.659
6,5,15,3,3.86,15,2,0,0,1,1,0,0,21.0,9,9,95,74,19,4,0,1,13,0,3,16,354,1.52,.257,.385,.736
7,10,15,3,3.54,11,2,0,0,1,1,2,1,20.1,8,8,85,73,15,4,0,2,10,0,2,14,349,1.23,.206,.318,.660
8,9,15,3,3.50,11,2,0,0,2,0,1,1,18.0,7,7,77,68,22,7,1,0,7,0,0,12,327,1.61,.324,.382,.838
9,2,15,3,2.50,8,2,0,0,2,0,3,1,18.0,5,5,76,67,18,3,0,0,6,0,1,9,290,1.33,.269,.329,.642
10,1,15,4,5.52,101,22,0,0,3,19,1,1,195.2,134,120,909,755,222,37,3,28,129,4,9,151,3775,1.79,.294,.401,.864
11,7,15,4,5.41,108,22,0,0,10,12,10,4,193.0,125,116,849,720,187,41,3,22,79,1,21,149,3349,1.38,.260,.344,.761
12,10,15,4,5.06,109,22,0,0,12,10,10,7,195.2,123,110,889,746,200,27,0,22,102,4,19,164,3558,1.54,.268,.368,.761
13,2,15,4,4.84,96,22,1,1,14,8,9,3,201.0,119,108,890,750,194,33,4,24,107,1,9,199,3535,1.50,.259,.356,.765
14,5,15,4,4.79,94,23,0,0,12,11,8,4,203.0,116,108,889,780,202,35,5,22,84,0,11,209,3590,1.41,.259,.338,.739
15,9,15,4,4.77,99,23,0,0,10,13,12,3,209.1,119,111,939,797,218,55,9,26,105,8,18,161,3663,1.54,.274,.368,.831
16,8,15,4,4.55,96,22,1,0,11,11,6,4,194.0,105,98,840,750,205,36,0,21,65,4,8,170,3399,1.39,.273,.335,.740
17,4,15,4,4.24,99,23,0,0,13,10,5,5,206.0,107,97,889,771,206,39,4,22,79,3,17,159,3440,1.38,.267,.346,.759
18,6,15,4,4.06,94,22,0,0,12,10,10,5,192.2,98,87,821,723,175,37,0,21,71,4,11,174,3214,1.28,.242,.318,.698
19,3,15,4,3.61,94,23,0,0,15,8,12,5,204.2,88,82,856,766,192,37,4,21,57,2,14,202,3379,1.22,.251,.311,.703
20,2,15,5,5.75,105,23,1,1,12,11,9,5,203.1,137,130,930,799,230,41,2,24,91,3,16,162,3596,1.58,.288,.368,.802
21,1,15,5,5.72,134,27,0,0,7,20,9,3,240.2,183,153,1099,936,273,46,10,27,108,4,19,211,4387,1.58,.292,.372,.821
22,4,15,5,5.61,111,26,0,0,8,17,1,2,231.0,151,144,1035,901,267,49,6,26,94,4,19,208,4034,1.56,.296,.372,.822
23,10,15,5,5.47,146,27,0,0,13,14,12,7,237.0,155,144,1099,924,269,51,0,25,131,9,16,178,4261,1.69,.291,.385,.813
24,8,15,5,5.29,120,27,0,0,14,13,11,4,240.0,153,141,1085,934,271,60,3,32,108,7,21,206,4364,1.58,.290,.374,.837
25,5,15,5,5.06,103,27,0,0,15,11,12,7,243.2,151,137,1083,939,259,47,6,32,103,3,15,209,4248,1.49,.276,.354,.795
26,9,15,5,4.46,102,25,0,0,12,13,9,5,218.0,117,108,960,806,222,34,4,24,100,5,24,178,3746,1.48,.275,.369,.786
27,6,15,5,4.28,101,25,0,0,12,12,11,7,223.0,115,106,973,852,212,46,0,27,92,5,10,208,3927,1.36,.249,.327,.725
28,3,15,5,4.01,95,25,1,0,14,11,10,7,220.0,107,98,927,836,214,47,2,31,65,1,13,210,3695,1.27,.256,.317,.745
29,7,15,5,3.41,120,26,0,0,20,5,14,10,235.0,97,89,1003,867,209,31,3,18,92,4,22,199,4013,1.28,.241,.328,.674
30,8,15,6,5.98,77,21,1,1,6,15,4,1,182.0,144,121,840,763,243,33,2,32,58,2,5,136,3205,1.65,.319,.367,.860
31,1,15,6,5.93,98,23,1,0,11,12,4,3,202.0,152,133,938,822,254,51,2,24,85,2,12,179,3675,1.68,.309,.379,.843
32,3,15,6,5.06,85,21,1,0,11,10,6,2,185.0,111,104,801,714,189,43,1,26,63,0,6,160,3082,1.36,.265,.328,.765
33,6,15,6,4.81,88,22,1,1,10,12,7,4,196.2,115,105,881,770,222,45,3,18,72,6,14,173,3383,1.50,.288,.355,.780
34,7,15,6,4.63,98,22,0,0,11,11,9,4,190.2,108,98,850,758,213,39,3,20,66,1,14,157,3340,1.46,.281,.348,.767
35,2,15,6,4.46,95,23,1,0,12,11,11,3,203.2,104,101,885,779,208,46,5,22,78,1,9,166,3441,1.40,.267,.339,.763
36,5,15,6,4.33,88,21,0,0,12,9,4,1,187.0,101,90,815,711,191,25,2,26,74,0,13,158,3238,1.42,.269,.345,.765
37,9,15,6,4.32,78,20,1,1,11,9,12,7,175.0,86,84,747,655,173,28,4,18,68,0,12,124,2956,1.38,.264,.342,.744
38,4,15,6,3.81,86,23,2,1,13,10,11,6,205.1,97,87,886,783,210,35,5,15,66,5,22,179,3413,1.34,.268,.341,.724
39,10,15,6,3.67,88,22,1,0,12,10,7,6,196.1,100,80,850,736,180,30,1,28,87,4,9,152,3386,1.36,.245,.330,.732
40,1,15,7,5.73,76,18,1,0,8,10,4,3,154.0,106,98,690,613,194,29,4,21,52,0,9,111,2569,1.60,.317,.375,.855
41,10,15,7,5.53,100,20,0,0,10,10,6,4,179.0,120,110,810,694,192,27,2,28,88,9,14,122,3212,1.56,.277,.367,.809
42,2,15,7,5.39,91,21,0,0,11,10,4,4,187.0,117,112,845,733,220,42,3,16,76,2,13,145,3172,1.58,.300,.373,.804
43,3,15,7,5.31,87,21,0,0,14,7,5,3,188.0,122,111,845,746,212,42,4,34,71,1,11,169,3384,1.51,.284,.353,.841
44,4,15,7,5.10,96,19,0,0,7,12,6,2,169.1,103,96,749,645,177,32,3,18,65,7,15,139,2917,1.43,.274,.352,.769
45,9,15,7,5.09,104,22,0,0,10,12,7,3,196.1,133,111,902,770,234,44,5,18,93,3,13,147,3438,1.67,.304,.384,.828
46,5,15,7,5.06,83,20,0,0,12,8,7,8,181.1,119,102,794,706,200,34,4,16,60,1,6,139,3001,1.43,.283,.339,.750
47,7,15,7,4.84,83,20,0,0,8,11,4,3,180.1,104,97,792,682,192,38,3,25,62,5,23,144,2989,1.41,.282,.358,.814
48,6,15,7,4.61,83,19,1,0,9,9,6,5,175.2,95,90,765,679,197,33,1,24,62,6,9,142,2954,1.47,.290,.356,.804
49,8,15,7,3.95,100,22,1,0,11,11,10,2,202.2,93,89,876,764,211,38,3,15,72,7,16,167,3434,1.40,.276,.348,.741
50,8,15,8,6.14,93,23,0,0,9,14,3,3,200.2,148,137,917,806,256,41,0,30,70,0,19,136,3421,1.63,.318,.382,.862
51,6,15,8,5.74,120,25,1,1,9,16,10,3,221.0,148,141,1004,872,264,51,5,33,102,6,10,214,3912,1.66,.303,.380,.866
52,5,15,8,5.65,95,25,0,0,11,14,4,1,220.0,153,138,1006,879,264,44,8,23,96,0,17,184,3851,1.64,.300,.378,.825
53,3,15,8,5.48,91,24,1,0,15,9,8,7,216.2,138,132,980,872,258,52,3,31,82,4,12,201,3910,1.57,.296,.363,.832
54,1,15,8,5.41,108,25,0,0,14,11,7,2,224.2,145,135,1027,879,258,45,2,24,103,2,24,184,4041,1.61,.294,.380,.812
55,10,15,8,4.96,104,25,3,2,9,16,2,2,219.2,129,121,974,832,228,47,5,20,107,9,17,144,3900,1.53,.274,.367,.781
56,9,15,8,4.92,101,24,0,0,11,13,14,7,210.1,119,115,928,812,236,40,4,28,74,3,14,143,3546,1.47,.291,.356,.809
57,4,15,8,4.52,103,25,0,0,11,14,13,5,223.0,128,112,966,846,232,37,2,23,80,5,15,166,3696,1.40,.274,.345,.750
58,2,15,8,3.96,104,24,0,0,14,10,9,5,216.0,107,95,944,810,213,36,5,17,93,5,14,188,3739,1.42,.263,.347,.730
59,7,15,8,3.33,91,24,0,0,19,5,9,12,216.0,86,80,884,790,185,37,2,22,59,1,16,195,3535,1.13,.234,.298,.668
60,2,15,9,6.52,108,25,0,0,11,14,9,8,221.0,177,160,1039,884,276,43,3,34,116,2,12,161,4120,1.77,.312,.396,.879
61,10,15,9,6.31,104,23,1,1,10,13,4,4,206.2,154,145,962,801,243,42,4,29,115,3,19,131,3758,1.73,.303,.396,.871
62,9,15,9,5.24,106,23,0,0,10,13,7,6,201.0,129,117,903,777,214,34,4,26,93,2,10,188,3602,1.53,.275,.357,.787
63,1,15,9,5.23,103,22,1,0,8,14,6,3,186.0,116,108,850,751,246,45,2,21,77,2,8,153,3292,1.74,.328,.393,.869
64,3,15,9,5.16,98,24,1,1,14,10,11,7,206.0,128,118,895,803,220,38,2,35,66,3,6,198,3501,1.39,.274,.331,.789
65,5,15,9,5.14,98,23,1,1,13,10,6,6,203.0,131,116,909,800,240,43,3,24,77,3,16,122,3411,1.56,.300,.370,.822
66,6,15,9,4.82,110,26,0,0,15,11,14,5,227.2,130,122,1003,875,241,49,2,27,97,4,14,208,3992,1.49,.275,.355,.783
67,8,15,9,4.63,101,23,0,0,11,11,8,4,212.0,127,109,938,809,215,35,5,28,92,3,15,166,3622,1.45,.266,.348,.773
68,7,15,9,4.62,107,24,1,0,14,10,9,3,210.1,112,108,923,826,238,34,2,34,63,0,14,176,3546,1.43,.288,.345,.803
69,4,15,9,4.52,89,21,1,0,10,10,4,3,185.1,101,93,808,707,195,27,3,15,79,5,8,163,3152,1.48,.276,.353,.740
70,8,15,10,6.48,14,3,0,0,1,2,0,0,25.0,18,18,113,102,32,6,0,4,7,1,2,15,423,1.56,.314,.369,.860
71,9,15,10,5.20,27,5,0,0,1,4,3,0,45.0,29,26,217,168,52,10,0,3,32,1,7,26,845,1.87,.310,.429,.852
72,6,15,10,4.33,15,3,0,0,1,2,1,1,27.0,14,13,117,101,26,6,0,2,12,0,1,21,450,1.41,.257,.336,.712
73,4,15,10,3.50,18,4,0,0,2,2,2,2,36.0,17,14,155,137,38,5,2,1,13,0,1,30,589,1.42,.277,.340,.705
74,10,15,10,3.24,10,3,0,0,1,2,1,1,25.0,11,9,102,93,22,4,0,3,8,0,0,15,399,1.20,.237,.297,.673
75,1,15,10,2.79,15,4,0,0,1,2,0,1,38.2,14,12,162,142,36,9,2,3,10,3,4,35,596,1.19,.254,.319,.727
76,5,15,10,2.33,11,3,0,0,2,1,3,2,27.0,10,7,118,106,29,4,0,2,11,0,0,29,479,1.48,.274,.342,.710
77,3,15,10,2.25,12,3,0,0,3,0,5,2,28.0,8,7,104,97,17,4,0,3,5,0,1,33,408,0.79,.175,.221,.530
78,2,15,10,2.00,16,4,0,0,3,1,3,1,36.0,10,8,153,130,26,4,0,1,17,1,3,34,658,1.19,.200,.305,.559
79,7,15,10,1.89,18,4,0,0,2,1,0,1,38.0,10,8,163,150,40,1,0,4,9,0,3,32,615,1.29,.267,.319,.672
80,10,16,4,5.70,128,23,0,0,6,17,7,3,207.0,153,131,959,793,221,37,4,29,129,6,15,177,3890,1.69,.279,.386,.831
81,3,16,4,5.33,96,23,0,0,11,12,6,4,201.0,126,119,891,789,228,42,2,26,80,0,9,155,3533,1.53,.289,.357,.804
82,4,16,4,5.03,108,22,1,1,11,11,10,6,198.2,123,111,883,769,223,39,4,15,81,7,12,160,3346,1.53,.290,.363,.773
83,8,16,4,4.54,117,25,1,1,12,13,19,5,218.0,126,110,986,847,241,33,3,24,111,7,10,190,3988,1.62,.285,.371,.787
84,1,16,4,4.53,113,25,0,0,12,13,9,7,226.2,126,114,1007,872,238,45,7,21,97,4,18,158,4046,1.48,.273,.356,.769
85,9,16,4,4.27,81,22,1,0,9,13,10,8,194.0,104,92,868,750,210,29,1,19,90,2,9,150,3309,1.55,.280,.362,.759
86,5,16,4,4.02,97,24,0,0,11,12,16,6,215.0,108,96,932,845,243,47,2,20,63,0,8,155,3544,1.42,.288,.340,.759
87,7,16,4,3.83,98,23,0,0,12,11,7,7,202.0,97,86,865,760,185,34,3,17,64,2,25,189,3356,1.23,.243,.321,.684
88,6,16,4,3.49,103,25,0,0,16,9,9,7,224.1,94,87,938,820,194,28,0,25,83,1,18,172,3609,1.24,.237,.318,.680
89,2,16,4,3.21,89,24,0,0,17,6,13,6,216.0,85,77,919,817,211,33,7,13,74,1,12,188,3528,1.32,.258,.326,.690
90,10,16,5,7.42,116,25,1,0,10,14,7,5,218.1,193,180,1052,876,288,38,4,29,134,2,14,157,4097,1.93,.329,.421,.901
91,8,16,5,6.52,106,24,1,0,11,13,12,3,207.0,160,150,959,839,253,40,2,37,92,2,12,171,3766,1.67,.302,.375,.862
92,1,16,5,5.90,113,24,1,1,7,15,4,3,215.0,160,141,983,852,248,49,9,30,100,3,12,166,3884,1.62,.291,.371,.846
93,3,16,5,5.66,116,26,0,0,13,13,9,5,232.0,157,146,1050,910,270,39,6,32,99,1,15,168,3902,1.59,.297,.371,.830
94,6,16,5,5.48,101,24,0,0,9,15,12,6,210.1,149,128,963,832,252,46,8,29,93,5,15,142,3587,1.64,.303,.380,.862
95,4,16,5,5.40,104,23,0,0,11,11,12,5,205.0,130,123,932,802,232,42,3,16,100,2,11,135,3536,1.62,.289,.372,.781
96,2,16,5,5.28,105,25,0,0,18,7,10,9,223.1,135,131,1019,896,271,66,3,24,95,1,14,189,3967,1.64,.303,.376,.839
97,9,16,5,5.24,97,25,2,1,12,12,5,8,221.2,147,129,1010,874,255,38,7,27,105,6,13,146,3904,1.62,.292,.373,.817
98,7,16,5,4.59,107,23,0,0,14,8,12,6,208.0,111,106,915,805,219,28,5,24,80,0,17,197,3608,1.44,.272,.348,.756
99,5,16,5,4.58,97,25,0,0,14,11,14,7,220.0,119,112,965,849,249,45,10,20,76,0,13,128,3710,1.48,.293,.357,.797
100,3,16,6,6.18,112,26,1,0,7,19,8,6,233.0,172,160,1075,948,291,44,6,42,97,2,18,174,4257,1.67,.307,.381,.880
101,1,16,6,6.03,116,24,0,0,11,13,14,7,218.0,160,146,1023,910,298,49,7,28,80,0,16,152,3999,1.73,.328,.388,.877
102,5,16,6,5.77,106,25,0,0,14,11,15,7,223.0,155,143,995,885,262,46,4,28,78,0,7,160,3793,1.53,.296,.353,.805
103,8,16,6,5.64,110,25,0,0,12,13,5,3,223.1,145,140,999,874,245,58,9,24,92,5,15,201,3962,1.51,.280,.357,.806
104,9,16,6,5.37,108,25,1,0,12,13,13,3,223.0,140,133,1015,899,271,45,3,19,87,1,5,175,4030,1.61,.301,.362,.784
105,4,16,6,5.16,105,25,0,0,10,15,8,6,225.0,147,129,1014,880,246,36,4,27,89,7,28,142,3773,1.49,.280,.362,.783
106,10,16,6,4.76,109,24,0,0,12,11,6,5,221.0,134,117,984,859,240,38,3,21,96,2,7,156,3879,1.52,.279,.354,.758
107,7,16,6,4.72,98,23,0,0,16,6,8,4,208.0,117,109,928,801,222,40,5,17,100,0,12,180,3679,1.55,.277,.363,.766
108,6,16,6,4.26,108,26,1,0,13,13,7,4,228.0,127,108,1002,891,244,42,0,26,86,2,8,178,3745,1.45,.274,.341,.750
109,2,16,6,3.74,86,25,1,1,16,9,10,6,221.1,108,92,956,843,216,35,7,26,81,2,13,167,3780,1.34,.256,.328,.735
110,1,16,7,7.14,110,20,0,0,8,12,8,5,174.0,151,138,832,697,226,46,3,21,100,1,13,133,3319,1.87,.324,.413,.903
111,4,16,7,6.26,112,22,0,0,8,14,10,4,194.0,146,135,900,773,229,41,5,27,86,4,21,131,3463,1.62,.296,.378,.845
112,8,16,7,6.08,103,20,0,0,9,11,6,4,177.2,135,120,827,701,212,37,3,27,93,4,12,123,3277,1.72,.302,.389,.869
113,6,16,7,5.86,97,22,0,0,9,13,3,4,196.2,145,128,912,785,235,43,6,26,101,2,9,141,3525,1.71,.299,.381,.850
114,2,16,7,5.78,85,21,0,0,9,12,5,4,187.0,125,120,830,709,199,32,7,23,83,0,11,104,3299,1.51,.281,.359,.802
115,7,16,7,5.32,87,20,0,0,12,8,8,7,176.0,110,104,778,685,192,34,1,23,71,0,11,159,3040,1.49,.280,.355,.789
116,5,16,7,5.08,100,21,0,0,14,7,9,8,193.0,117,109,876,779,241,36,4,29,73,2,5,133,3323,1.63,.309,.367,.845
117,10,16,7,4.93,96,21,0,0,13,7,5,2,191.2,111,105,857,746,207,36,2,15,78,1,14,142,3202,1.49,.278,.353,.744
118,3,16,7,4.90,85,18,0,0,8,9,9,3,165.1,101,90,730,634,178,29,1,24,64,0,12,111,2853,1.46,.281,.353,.796
119,9,16,7,4.64,99,23,2,0,13,10,4,2,205.2,121,106,916,799,225,36,7,25,92,3,9,123,3617,1.54,.282,.359,.797
120,1,16,8,6.45,109,23,0,0,6,17,1,2,198.0,160,142,927,823,262,58,5,27,74,0,10,178,3640,1.70,.318,.379,.878
121,10,16,8,6.30,106,24,0,0,11,13,9,5,210.0,161,147,965,843,253,37,1,30,90,3,14,168,3732,1.63,.300,.373,.827
122,9,16,8,5.96,121,24,0,0,12,12,20,8,213.0,155,141,997,858,263,47,4,19,102,3,11,181,3887,1.71,.307,.384,.821
123,3,16,8,5.82,94,23,1,0,12,11,9,5,201.0,142,130,911,810,243,44,3,28,76,0,13,134,3577,1.59,.300,.367,.833
124,8,16,8,5.57,100,23,0,0,9,14,5,4,202.0,133,125,917,813,250,47,5,30,81,4,10,154,3447,1.64,.308,.376,.864
125,6,16,8,5.52,103,25,0,0,12,13,9,7,220.0,143,135,988,865,253,39,3,25,90,4,14,156,3750,1.56,.293,.365,.796
126,4,16,8,5.14,112,26,0,0,16,10,15,8,231.0,150,132,1045,909,264,45,5,18,91,6,22,179,3972,1.54,.290,.364,.774
127,7,16,8,4.69,97,23,0,0,12,11,5,3,201.1,115,105,907,791,211,34,2,17,89,0,12,157,3487,1.49,.267,.346,.725
128,5,16,8,4.53,94,23,0,0,13,10,11,6,204.2,112,103,900,798,221,28,4,25,67,1,16,150,3443,1.41,.277,.341,.757
129,2,16,8,4.40,104,24,0,0,16,8,7,4,217.0,114,106,952,846,240,43,2,29,82,1,12,160,3723,1.48,.284,.354,.796
130,1,16,9,6.22,109,23,0,0,7,16,9,2,198.1,145,137,925,808,265,55,6,16,90,1,13,153,3662,1.79,.328,.401,.871
131,5,16,9,6.09,92,21,0,0,9,12,7,2,181.2,123,123,829,728,223,40,3,22,67,0,16,134,3118,1.60,.306,.374,.834
132,3,16,9,5.99,121,23,0,0,12,11,16,9,206.0,143,137,948,828,244,44,1,33,89,3,18,157,3732,1.62,.295,.374,.844
133,10,16,9,5.72,112,23,0,0,11,12,4,3,207.2,140,132,956,825,270,36,1,26,93,8,9,147,3702,1.75,.327,.397,.865
134,6,16,9,5.50,76,19,0,0,8,11,2,2,168.2,116,103,755,665,188,31,5,18,65,4,10,136,2947,1.50,.283,.352,.778
135,8,16,9,5.48,105,21,0,0,11,10,9,6,184.0,128,112,844,725,220,49,10,16,88,5,13,133,3368,1.67,.303,.383,.848
136,9,16,9,4.68,104,20,0,0,9,11,17,7,173.0,99,90,768,670,190,28,1,20,68,2,10,142,3071,1.49,.284,.355,.772
137,2,16,9,4.34,93,22,1,1,15,7,10,7,195.0,96,94,848,747,210,30,3,20,71,2,12,152,3341,1.44,.281,.350,.759
138,7,16,9,4.20,109,25,0,0,13,11,19,8,227.0,112,106,993,873,236,31,2,33,92,0,8,205,3873,1.45,.270,.344,.767
139,4,16,9,3.55,108,21,1,1,13,7,15,4,190.0,86,75,811,711,183,31,2,15,69,1,13,126,3197,1.33,.257,.331,.701
140,8,16,10,5.80,27,6,0,0,2,4,3,2,54.1,38,35,253,211,65,12,0,3,28,0,6,37,953,1.71,.308,.394,.802
141,2,16,10,5.79,17,3,0,0,2,1,0,0,28.0,19,18,134,114,38,7,1,1,12,0,3,22,517,1.79,.333,.399,.837
142,4,16,10,4.91,27,5,0,0,2,3,5,1,44.0,25,24,197,169,49,9,0,4,23,0,2,36,814,1.64,.290,.380,.794
143,3,16,10,4.50,23,5,0,0,2,3,3,2,44.0,28,22,194,173,53,9,1,8,13,0,2,36,769,1.50,.306,.360,.869
144,1,16,10,4.40,23,5,0,0,2,3,3,1,43.0,25,21,199,172,56,13,1,2,19,0,2,40,777,1.74,.326,.397,.845
145,5,16,10,3.98,22,5,0,0,2,3,2,2,43.0,23,19,187,172,48,7,0,8,11,0,3,35,696,1.37,.279,.333,.793
146,10,16,10,3.89,13,4,0,0,3,1,1,1,37.0,16,16,164,145,41,8,0,5,14,1,3,29,655,1.49,.283,.354,.795
147,7,16,10,3.66,32,7,0,0,4,3,3,1,64.0,28,26,257,233,49,7,0,6,20,0,1,60,984,1.08,.210,.275,.592
148,6,16,10,3.46,12,3,0,0,2,1,1,1,26.0,10,10,101,88,20,3,0,2,9,0,2,20,395,1.12,.227,.310,.640
149,9,16,10,3.35,25,5,1,0,3,2,5,2,45.2,19,17,197,172,42,7,0,2,17,1,2,48,709,1.29,.244,.314,.634
150,3,17,3,6.00,6,1,0,0,0,1,0,0,9.0,7,6,42,34,7,1,1,3,8,0,0,5,180,1.67,.206,.357,.916
151,8,17,3,5.63,5,1,0,0,0,1,0,0,8.0,6,5,38,32,11,5,0,1,4,0,2,9,160,1.88,.344,.447,1.041
152,7,17,3,3.00,4,1,0,0,1,0,1,1,9.0,5,3,34,33,7,2,0,1,0,0,1,8,133,0.78,.212,.235,.599
153,6,17,3,2.00,5,1,0,0,0,1,0,0,9.0,3,2,37,35,9,2,0,1,2,1,0,8,139,1.22,.257,.297,.697
154,1,17,3,2.00,4,1,0,0,1,0,2,1,9.0,2,2,36,33,8,1,0,0,0,0,1,8,130,0.89,.242,.265,.537
155,9,17,3,2.00,3,1,0,0,1,0,0,0,9.0,2,2,33,31,7,1,0,2,1,0,0,7,115,0.89,.226,.250,.702
156,10,17,3,1.13,5,1,0,0,0,1,0,0,8.0,3,1,33,27,4,1,0,0,2,0,2,8,134,0.75,.148,.242,.428
157,5,17,3,1.00,4,1,0,0,0,1,0,0,9.0,2,1,34,31,4,0,0,1,3,0,0,10,151,0.78,.129,.206,.432
158,4,17,3,1.00,5,1,0,0,1,0,3,1,9.0,1,1,34,30,5,2,1,0,4,0,0,6,122,1.00,.167,.265,.565
159,2,17,3,0.00,2,1,0,0,1,0,0,1,9.0,0,0,33,29,4,0,0,0,3,0,0,8,129,0.78,.138,.219,.357
160,3,17,4,5.87,110,25,1,0,4,19,3,2,222.1,158,145,1004,871,250,46,10,23,92,3,22,184,3870,1.54,.287,.366,.808
161,5,17,4,4.93,87,25,0,0,13,12,11,7,219.0,125,120,942,862,240,47,3,21,53,2,14,154,3439,1.34,.278,.328,.741
162,9,17,4,4.74,101,25,3,1,17,8,13,7,224.0,126,118,992,903,277,42,6,19,64,2,10,183,3840,1.52,.307,.356,.786
163,2,17,4,4.62,107,25,0,0,11,13,5,4,228.0,135,117,1031,895,250,44,8,17,100,6,12,171,4008,1.54,.279,.357,.761
164,6,17,4,4.60,106,25,0,0,14,11,12,4,223.0,121,114,996,876,244,31,2,23,88,1,16,184,3822,1.49,.279,.352,.750
165,10,17,4,4.53,108,25,0,0,10,15,1,2,224.1,127,113,977,851,228,36,3,17,83,3,14,160,3805,1.39,.268,.338,.715
166,1,17,4,4.32,91,25,2,2,11,14,11,6,219.0,116,105,942,862,239,41,3,21,56,0,14,152,3429,1.35,.277,.330,.735
167,7,17,4,4.04,113,25,0,0,16,8,15,8,227.0,111,102,989,857,203,25,1,27,95,2,21,216,3844,1.31,.237,.326,.689
168,8,17,4,3.97,104,25,0,0,13,12,9,6,222.0,102,98,951,853,226,29,5,27,63,6,17,203,3772,1.30,.265,.324,.730
169,4,17,4,3.04,109,25,0,0,14,11,17,7,219.0,83,74,912,819,197,29,4,19,64,3,16,190,3433,1.19,.241,.306,.661
170,3,17,5,6.24,101,25,0,0,11,14,5,5,222.0,160,154,1048,895,275,52,4,34,110,3,24,197,4162,1.73,.307,.393,.882
171,1,17,5,5.75,101,26,0,0,10,16,8,5,227.0,158,145,1024,919,277,51,5,31,74,3,9,158,3838,1.55,.301,.355,.824
172,5,17,5,5.02,91,25,0,0,12,12,13,8,224.0,133,125,992,887,259,57,9,15,59,0,26,158,3632,1.42,.292,.351,.778
173,8,17,5,4.68,100,24,0,0,12,12,11,3,213.1,122,111,956,823,226,46,3,22,108,5,10,166,3672,1.57,.275,.363,.781
174,10,17,5,4.60,110,25,0,0,12,13,13,8,221.0,124,113,986,863,247,49,3,25,90,4,12,160,3819,1.53,.286,.359,.796
175,7,17,5,4.42,110,25,0,0,12,13,13,7,222.0,133,109,996,867,244,34,2,19,90,2,17,182,3859,1.51,.281,.359,.750
176,6,17,5,4.31,102,25,0,0,12,12,12,3,227.2,118,109,994,878,240,51,6,21,82,5,19,184,3798,1.41,.273,.347,.764
177,9,17,5,4.12,104,26,0,0,17,9,6,7,238.0,117,109,1035,927,269,40,3,22,73,3,16,171,3919,1.44,.290,.350,.761
178,4,17,5,3.78,101,24,0,0,11,13,15,8,212.0,102,89,903,801,200,38,4,26,66,6,20,157,3473,1.26,.250,.321,.725
179,2,17,5,3.53,89,23,2,2,14,9,5,5,206.1,84,81,878,776,204,23,9,13,68,2,20,158,3380,1.32,.263,.336,.702
180,8,17,6,6.87,114,25,0,0,10,14,8,3,224.0,185,171,1046,910,288,59,4,29,94,5,15,177,4067,1.71,.317,.385,.870
181,1,17,6,6.79,95,25,0,0,5,20,5,2,217.1,177,164,1007,882,274,56,3,42,82,2,21,173,3868,1.64,.311,.381,.905
182,2,17,6,6.35,105,25,0,0,11,14,6,6,222.2,170,157,1051,917,298,54,6,25,88,1,21,158,4051,1.73,.325,.392,.871
183,10,17,6,5.96,115,25,1,0,11,13,11,6,222.0,156,147,1005,893,268,55,3,41,81,2,18,161,4017,1.57,.300,.367,.873
184,3,17,6,5.84,105,26,0,0,13,12,9,7,231.0,167,150,1069,927,279,59,5,28,93,1,24,148,4083,1.61,.301,.374,.840
185,5,17,6,5.79,90,25,0,0,13,12,9,8,220.2,148,142,1013,894,277,45,2,31,90,2,18,167,3867,1.66,.310,.382,.851
186,9,17,6,5.28,97,24,1,1,14,10,6,3,211.1,133,124,970,844,247,51,6,28,92,2,10,165,3875,1.60,.293,.364,.830
187,4,17,6,4.89,101,24,2,0,11,12,7,4,217.1,128,118,946,854,241,52,5,23,58,5,17,179,3666,1.38,.282,.337,.773
188,7,17,6,4.66,97,25,1,0,18,7,7,7,222.0,127,115,961,861,223,30,5,28,75,2,17,171,3746,1.34,.259,.330,.733
189,6,17,6,4.23,101,26,1,0,17,9,13,10,229.2,122,108,1009,899,249,50,3,20,78,4,13,148,3793,1.42,.277,.341,.747
190,6,17,7,7.63,99,23,0,0,8,15,4,2,199.1,175,169,953,815,263,55,2,37,92,13,25,137,3673,1.78,.323,.405,.936
191,10,17,7,7.56,90,20,0,0,5,15,2,3,172.2,155,145,822,721,246,53,4,37,57,2,18,115,3159,1.76,.341,.397,.977
192,1,17,7,6.28,78,19,1,0,3,16,1,1,162.0,122,113,764,664,202,40,7,24,68,2,15,111,2945,1.67,.304,.378,.872
193,3,17,7,4.85,85,22,0,0,11,10,10,7,195.0,115,105,867,763,220,34,2,29,68,4,20,170,3451,1.48,.288,.359,.811
194,4,17,7,4.81,81,19,1,0,12,7,7,4,164.2,97,88,718,639,165,35,2,14,51,5,13,130,2803,1.31,.258,.322,.707
195,9,17,7,4.76,89,21,1,0,14,6,9,4,191.0,104,101,850,737,194,30,2,18,85,7,17,153,3343,1.46,.263,.352,.734
196,7,17,7,4.71,84,20,0,0,10,10,5,1,174.0,99,91,767,684,193,40,1,28,60,0,10,141,3068,1.45,.282,.347,.813
197,5,17,7,4.31,82,22,1,0,13,9,14,8,192.0,97,92,843,767,228,42,1,22,54,1,8,164,3229,1.47,.297,.349,.789
198,2,17,7,4.20,82,20,0,0,14,5,10,6,180.0,85,84,765,675,172,35,1,24,63,1,12,119,2957,1.31,.255,.327,.743
199,8,17,7,3.39,97,22,1,0,12,9,6,8,199.0,89,75,855,743,187,24,1,27,78,2,18,164,3316,1.33,.252,.335,.731
200,3,17,8,6.26,105,24,0,0,7,17,2,3,211.1,159,147,978,857,268,48,3,35,88,1,13,182,3845,1.69,.313,.382,.880
201,1,17,8,6.24,102,24,1,0,8,16,2,3,207.2,154,144,963,850,273,48,5,26,68,3,22,148,3653,1.64,.321,.381,.862
202,9,17,8,5.49,83,21,0,0,10,11,5,6,183.2,121,112,836,747,234,46,1,22,62,5,13,122,3264,1.61,.313,.374,.840
203,4,17,8,5.08,112,24,0,0,9,14,9,4,214.1,132,121,948,841,241,41,6,24,65,8,19,175,3663,1.43,.287,.346,.781
204,6,17,8,4.92,109,25,0,0,12,13,15,4,216.0,128,118,970,859,251,53,4,27,87,5,15,158,3777,1.57,.292,.366,.823
205,7,17,8,4.54,109,27,0,0,12,15,6,6,237.2,128,120,1035,906,254,43,0,27,87,4,18,195,4105,1.44,.280,.353,.770
206,8,17,8,4.39,123,27,0,0,19,8,19,13,244.0,123,119,1059,951,260,60,4,29,83,3,11,197,4108,1.41,.273,.336,.773
207,5,17,8,4.31,110,26,0,0,14,12,17,8,231.2,120,111,1022,914,257,54,3,31,75,2,18,200,3932,1.43,.281,.346,.794
208,10,17,8,4.14,98,23,0,0,13,10,14,7,202.0,108,93,877,781,211,46,1,18,63,2,20,148,3379,1.36,.270,.338,.739
209,2,17,8,3.63,111,27,1,0,19,7,9,7,238.0,102,96,1025,918,250,44,5,20,75,1,13,196,4084,1.37,.272,.335,.731
210,3,17,9,6.36,93,19,0,0,7,11,5,4,172.2,133,122,825,711,217,37,3,32,85,3,14,157,3286,1.75,.305,.387,.888
211,5,17,9,6.32,82,19,1,1,4,14,2,1,166.2,129,117,776,699,211,32,2,26,50,3,13,147,2855,1.57,.302,.356,.821
212,7,17,9,6.27,92,20,0,0,10,9,4,2,181.0,134,126,803,723,203,32,0,37,60,1,9,178,3212,1.45,.281,.342,.820
213,1,17,9,5.68,103,21,0,0,11,10,12,4,187.0,130,118,847,743,224,40,3,26,73,1,12,144,3208,1.59,.302,.370,.838
214,10,17,9,5.52,97,23,0,0,10,13,8,5,202.0,133,124,901,805,244,37,2,25,61,0,12,148,3380,1.51,.303,.357,.805
215,6,17,9,5.04,79,18,1,1,11,7,6,5,157.0,98,88,697,619,181,29,0,24,49,6,16,116,2606,1.47,.292,.357,.813
216,9,17,9,4.48,91,23,0,0,12,11,6,5,207.0,115,103,900,825,244,38,3,22,52,3,9,159,3351,1.43,.296,.342,.771
217,4,17,9,4.43,102,25,1,1,11,13,8,4,225.2,120,111,972,868,240,45,7,18,63,4,17,192,3661,1.34,.277,.334,.740
218,2,17,9,4.16,84,21,0,0,13,8,8,5,186.0,95,86,822,735,210,33,2,24,61,0,9,134,3228,1.46,.286,.345,.779
219,8,17,9,3.86,77,19,0,0,13,6,6,5,168.0,72,72,693,632,153,19,2,26,44,4,6,171,2733,1.17,.242,.295,.697
220,9,17,10,7.62,14,3,0,0,2,1,1,1,26.0,25,22,132,124,46,7,0,4,5,0,2,25,516,1.96,.371,.402,.926
221,5,17,10,6.75,8,1,0,0,0,1,0,0,8.0,10,6,41,37,12,3,1,2,4,0,0,5,153,2.00,.324,.390,1.012
222,4,17,10,6.35,8,2,0,0,0,2,0,0,17.0,14,12,74,63,16,7,0,0,8,0,0,11,286,1.41,.254,.333,.698
223,10,17,10,5.57,11,2,0,0,0,1,0,0,21.0,14,13,97,83,26,1,0,3,9,0,4,14,372,1.67,.313,.406,.840
224,3,17,10,5.50,8,2,0,0,2,0,0,0,18.0,12,11,83,77,25,4,0,3,4,0,1,20,319,1.61,.325,.361,.855
225,7,17,10,5.25,11,1,0,0,0,0,0,0,12.0,8,7,55,52,15,2,0,2,3,1,0,6,208,1.50,.289,.327,.770
226,1,17,10,5.00,14,3,0,0,1,2,0,0,27.0,17,15,119,103,27,6,1,4,12,0,1,19,447,1.44,.262,.342,.798
227,2,17,10,3.00,10,2,0,0,1,1,3,1,18.0,7,6,77,70,17,1,0,2,6,0,0,12,332,1.28,.243,.299,.642
228,6,17,10,2.00,7,1,0,0,1,0,2,1,9.0,2,2,36,31,6,0,0,1,3,0,1,5,144,1.00,.194,.286,.576
229,8,17,10,2.00,3,1,0,0,1,0,0,1,9.0,2,2,36,33,6,3,1,1,3,0,0,9,150,1.00,.182,.250,.674
230,3,18,3,6.57,31,7,0,0,2,5,2,1,63.0,46,46,289,245,74,15,0,13,28,1,8,55,1130,1.62,.302,.389,.911
231,1,18,3,6.49,30,7,0,0,4,3,4,2,61.0,46,44,285,256,82,13,4,10,17,0,5,52,1060,1.62,.320,.369,.888
232,8,18,3,5.90,33,7,0,0,0,7,1,0,58.0,43,38,271,231,62,12,2,7,32,1,5,52,1073,1.62,.268,.367,.795
233,10,18,3,5.10,39,7,0,0,2,5,4,1,60.0,42,34,267,233,60,9,0,10,23,1,9,62,1099,1.38,.258,.345,.770
234,2,18,3,4.94,30,7,0,0,5,2,4,4,62.0,38,34,274,245,65,13,1,6,23,0,2,53,1053,1.42,.265,.333,.733
235,4,18,3,4.45,28,7,0,0,2,5,2,1,60.2,36,30,271,229,63,13,1,6,30,1,6,47,1030,1.53,.275,.368,.787
236,5,18,3,4.43,32,7,0,0,5,2,6,2,67.0,34,33,297,268,79,12,2,6,21,1,3,59,1122,1.49,.295,.350,.772
237,6,18,3,4.00,31,7,0,0,5,2,4,2,63.0,30,28,265,244,64,11,1,10,20,0,1,67,1049,1.33,.262,.321,.759
238,7,18,3,3.71,36,7,0,0,6,1,7,3,63.0,26,26,256,226,51,6,0,7,23,0,3,46,1000,1.18,.226,.302,.647
239,9,18,3,3.05,26,7,0,0,4,3,3,1,62.0,21,21,255,238,60,9,0,7,15,0,1,49,996,1.21,.252,.298,.676
240,9,18,4,5.55,78,21,2,0,9,12,4,3,181.2,121,112,819,737,213,41,5,28,61,4,11,156,3095,1.51,.289,.350,.822
241,8,18,4,5.41,114,22,0,0,12,10,7,6,198.0,127,119,899,756,208,52,1,24,107,3,11,196,3662,1.59,.275,.370,.811
242,1,18,4,5.17,93,24,2,0,11,13,4,4,212.1,134,122,933,837,241,41,2,38,66,3,13,190,3587,1.45,.288,.347,.825
243,5,18,4,4.97,92,25,2,0,9,16,9,4,219.0,130,121,957,858,241,51,2,22,68,3,14,178,3532,1.41,.281,.341,.763
244,10,18,4,4.96,100,22,0,0,12,10,9,7,194.0,115,107,875,779,216,34,2,22,76,0,11,165,3471,1.51,.277,.347,.758
245,3,18,4,4.96,103,24,0,0,9,15,10,5,216.0,134,119,959,868,249,51,2,32,69,1,12,184,3847,1.47,.287,.346,.807
246,2,18,4,4.81,104,23,0,0,16,7,13,9,205.2,111,110,916,809,228,46,4,27,80,1,15,186,3649,1.50,.282,.355,.804
247,7,18,4,4.68,102,24,0,0,7,17,9,2,211.1,119,110,957,850,243,39,3,26,85,4,9,181,3744,1.55,.286,.356,.786
248,6,18,4,4.15,101,23,0,0,15,8,11,6,208.0,107,96,892,809,222,43,3,22,57,3,11,190,3533,1.34,.274,.328,.744
249,4,18,4,3.65,111,24,0,0,16,8,14,8,212.1,94,86,930,814,212,37,2,20,79,5,24,156,3560,1.37,.260,.342,.726
250,7,18,5,6.91,111,25,0,0,7,18,8,2,218.2,183,168,1023,913,302,54,7,28,86,2,4,162,3953,1.77,.331,.385,.882
251,4,18,5,5.46,99,26,1,1,12,14,4,3,227.1,142,138,984,898,257,52,6,30,64,3,10,178,3678,1.41,.286,.339,.797
252,6,18,5,5.08,94,23,0,0,10,13,11,4,200.1,123,113,871,791,214,48,5,24,59,0,10,162,3269,1.36,.271,.327,.762
253,1,18,5,4.80,95,24,1,0,10,14,5,4,212.0,125,113,943,857,269,48,3,24,52,5,11,145,3492,1.51,.314,.356,.817
254,3,18,5,4.75,100,25,0,0,14,11,11,6,223.2,128,118,1003,897,271,73,5,22,69,2,19,184,3881,1.52,.302,.360,.829
255,9,18,5,4.73,88,26,1,0,14,12,7,3,230.1,136,121,1030,925,264,42,6,31,76,2,15,172,3935,1.48,.285,.347,.791
256,8,18,5,4.61,113,24,0,0,11,13,12,4,211.0,127,108,947,829,236,51,3,17,84,6,12,198,3695,1.52,.285,.356,.770
257,2,18,5,4.55,98,23,0,0,14,9,7,5,209.2,112,106,904,795,200,35,3,27,82,2,17,169,3536,1.35,.252,.332,.737
258,5,18,5,4.48,96,25,0,0,14,11,16,5,221.0,118,110,961,862,241,35,5,33,73,2,18,168,3669,1.42,.280,.348,.794
259,10,18,5,3.86,107,25,0,0,17,8,14,12,226.0,105,97,971,886,239,42,3,27,60,3,15,192,3833,1.32,.270,.325,.740
260,3,18,6,6.76,110,25,0,0,10,14,8,7,214.1,172,161,992,870,261,58,2,39,84,0,23,190,3872,1.61,.300,.373,.878
261,9,18,6,5.84,86,22,1,0,10,12,4,6,194.1,131,126,877,772,241,33,1,27,70,5,12,133,3320,1.60,.312,.373,.835
262,1,18,6,5.59,94,24,1,1,6,17,1,3,207.2,141,129,938,831,254,40,3,38,77,6,15,178,3606,1.59,.306,.373,.871
263,5,18,6,5.51,107,25,1,0,12,13,9,4,222.1,148,136,974,872,249,44,4,36,65,3,23,177,3631,1.41,.286,.348,.817
264,8,18,6,5.48,116,25,0,0,12,11,7,2,231.2,157,141,1042,907,245,51,6,28,107,6,11,213,4146,1.52,.270,.352,.785
265,7,18,6,5.44,95,25,1,0,8,17,5,5,216.2,139,131,946,827,219,41,4,34,90,5,11,154,3740,1.43,.265,.343,.791
266,2,18,6,4.64,108,26,0,0,18,8,7,9,232.2,128,120,1018,895,243,55,0,19,84,6,23,201,3929,1.41,.272,.347,.744
267,4,18,6,4.63,94,24,1,1,14,9,5,6,212.0,123,109,928,829,220,41,0,29,68,1,16,206,3607,1.36,.265,.329,.749
268,6,18,6,4.62,93,24,0,0,13,10,7,4,208.1,113,107,898,811,209,34,5,37,66,3,13,177,3315,1.32,.258,.323,.772
269,10,18,6,4.60,114,26,0,0,17,9,8,6,231.0,125,118,1011,903,257,44,3,27,81,1,17,200,4036,1.46,.285,.353,.782
270,4,18,7,6.35,93,22,0,0,9,13,10,4,198.1,151,140,892,805,250,44,4,33,63,0,6,171,3406,1.58,.311,.361,.859
271,2,18,7,5.87,87,21,0,0,13,8,7,5,187.0,125,122,843,752,234,44,6,22,63,2,14,139,3144,1.59,.311,.370,.844
272,8,18,7,5.47,96,21,0,0,8,13,7,2,186.0,118,113,840,748,226,44,6,23,64,3,11,154,3290,1.56,.302,.361,.830
273,1,18,7,5.45,103,21,0,0,12,8,13,6,190.0,121,115,857,772,239,41,3,27,63,5,10,155,3236,1.59,.310,.367,.842
274,9,18,7,5.33,86,22,0,0,8,14,8,6,192.2,126,114,864,770,226,40,1,31,67,6,9,172,3290,1.52,.294,.355,.823
275,5,18,7,5.13,96,23,0,0,10,13,14,7,207.0,127,118,915,831,239,51,3,27,64,2,14,163,3518,1.46,.288,.348,.801
276,10,18,7,5.06,96,22,0,0,9,13,10,5,192.0,118,108,843,740,201,40,3,29,73,1,15,163,3318,1.43,.272,.346,.797
277,7,18,7,4.88,98,22,0,0,12,9,10,8,199.0,116,108,899,767,217,36,3,30,95,1,17,172,3639,1.57,.283,.370,.825
278,3,18,7,3.40,96,22,0,0,13,7,12,5,201.1,84,76,864,784,217,24,3,18,57,1,15,175,3375,1.36,.277,.336,.720
279,6,18,7,3.22,93,22,0,0,13,9,15,5,195.2,77,70,815,729,172,29,0,19,69,3,10,165,3210,1.23,.236,.309,.663
280,4,18,8,8.51,62,13,0,0,3,10,2,2,110.0,111,104,558,470,162,25,5,11,62,1,9,85,2185,2.04,.345,.422,.912
281,9,18,8,7.09,49,12,0,0,6,6,2,1,106.2,86,84,489,442,148,35,1,22,30,3,7,79,1791,1.67,.335,.381,.949
282,6,18,8,6.89,60,13,0,0,6,7,0,2,115.0,102,88,555,492,161,26,1,27,45,1,11,91,2120,1.79,.327,.395,.944
283,10,18,8,6.20,56,12,0,0,5,7,4,2,106.0,77,73,474,421,126,30,1,17,41,1,2,113,1847,1.58,.299,.361,.858
284,2,18,8,6.16,60,13,0,0,7,6,9,5,114.0,84,78,529,459,144,29,1,16,41,2,16,79,1968,1.62,.314,.386,.872
285,3,18,8,6.16,53,13,0,0,6,7,6,3,114.0,81,78,523,463,142,33,3,15,39,1,13,96,2115,1.59,.307,.374,.862
286,7,18,8,6.09,56,13,0,0,7,6,6,2,112.1,85,76,502,434,116,20,1,24,57,1,7,90,2067,1.54,.267,.359,.843
287,1,18,8,5.84,56,13,0,0,4,9,4,2,114.0,80,74,523,464,144,23,2,20,39,2,11,88,1947,1.61,.310,.375,.872
288,8,18,8,5.47,49,11,0,0,8,3,13,6,97.0,60,59,435,385,112,19,2,19,36,1,6,79,1712,1.53,.291,.358,.857
289,5,18,8,4.50,51,13,0,0,11,2,6,3,116.0,67,58,512,453,130,18,0,14,40,0,9,86,1929,1.47,.287,.354,.773
290,8,18,9,6.39,104,22,0,0,10,12,10,7,193.0,153,137,884,781,219,44,5,35,79,3,13,182,3488,1.54,.280,.355,.839
291,1,18,9,5.61,117,23,0,0,7,15,10,1,205.1,149,128,958,849,267,50,5,29,83,4,14,157,3826,1.71,.315,.383,.870
292,4,18,9,5.56,100,24,0,0,9,15,5,4,212.0,146,131,964,858,237,48,1,27,80,2,13,179,3657,1.50,.276,.345,.774
293,5,18,9,5.55,101,23,1,1,13,10,8,7,204.1,133,126,914,811,229,34,2,34,73,2,17,168,3539,1.48,.282,.352,.807
294,9,18,9,5.43,105,23,0,0,15,8,9,5,202.1,133,122,911,808,238,48,1,22,82,6,8,173,3694,1.58,.295,.362,.801
295,10,18,9,5.32,132,24,0,0,12,12,12,3,213.0,138,126,953,828,235,38,1,22,88,1,18,168,3742,1.52,.284,.360,.772
296,7,18,9,5.32,97,23,0,0,9,14,5,1,198.0,135,117,905,800,231,39,2,28,79,3,14,162,3514,1.57,.289,.360,.807
297,3,18,9,5.28,108,24,0,0,11,12,7,6,218.0,137,128,959,845,225,33,2,41,84,4,16,194,3705,1.42,.266,.342,.797
298,2,18,9,4.99,103,24,1,0,16,8,8,3,212.2,129,118,947,831,224,37,1,27,82,4,20,160,3652,1.44,.270,.347,.761
299,6,18,9,4.75,117,24,0,0,14,10,11,5,212.1,125,112,933,831,222,32,2,34,81,4,11,208,3592,1.43,.267,.339,.772
300,5,18,10,7.46,16,3,0,0,1,2,4,0,25.1,23,21,116,103,34,7,0,6,12,0,0,22,441,1.82,.330,.397,.969
301,7,18,10,7.40,27,5,0,0,2,3,1,1,45.0,41,37,213,183,64,13,0,9,22,1,3,43,849,1.91,.350,.418,.986
302,10,18,10,6.58,41,6,0,0,3,3,1,1,52.0,41,38,243,211,60,9,0,10,30,1,2,61,996,1.73,.284,.379,.848
303,6,18,10,6.25,45,8,0,0,2,6,4,1,72.0,52,50,334,294,89,9,0,16,28,1,7,70,1259,1.63,.303,.376,.872
304,9,18,10,5.90,57,11,0,0,4,7,6,1,100.2,72,66,463,404,121,23,2,13,44,2,6,83,1730,1.64,.300,.371,.834
305,3,18,10,4.89,17,4,0,0,3,1,0,0,35.0,20,19,151,137,38,4,1,5,11,0,1,36,605,1.40,.277,.336,.766
306,8,18,10,4.62,61,12,0,0,7,5,7,2,109.0,61,56,470,424,102,22,1,13,39,0,4,90,1805,1.29,.241,.310,.699
307,1,18,10,4.38,43,8,0,0,5,3,4,2,72.0,38,35,306,285,84,16,1,8,12,0,5,60,1194,1.33,.295,.332,.774
308,2,18,10,3.88,25,7,0,0,4,3,1,1,65.0,29,28,269,244,63,7,0,10,21,0,2,38,1015,1.29,.258,.321,.731
309,4,18,10,3.00,14,4,1,0,3,1,1,1,36.0,13,12,150,137,33,6,0,3,7,0,5,36,588,1.11,.241,.302,.652
310,8,19,3,6.31,40,8,0,0,3,5,3,0,71.1,55,50,339,293,81,12,1,14,39,1,3,73,1309,1.68,.277,.365,.833
311,9,19,3,5.53,34,8,0,0,3,5,1,2,70.0,46,43,320,281,84,23,0,9,34,2,1,67,1239,1.69,.299,.373,.850
312,3,19,3,5.27,38,8,0,0,3,5,4,1,70.0,44,41,306,275,69,13,1,10,29,0,2,57,1249,1.40,.251,.327,.741
313,10,19,3,4.96,35,8,0,0,4,4,1,0,69.0,39,38,304,260,66,14,1,8,39,0,5,53,1169,1.52,.254,.362,.770
314,5,19,3,4.73,36,8,0,0,3,5,4,3,70.1,38,37,297,258,66,10,1,3,29,0,6,54,1142,1.35,.256,.345,.682
315,1,19,3,4.65,33,8,0,0,2,6,3,1,69.2,41,36,299,264,64,7,1,12,28,2,4,59,1161,1.32,.242,.322,.735
316,7,19,3,4.13,37,8,0,0,5,3,10,3,72.0,40,33,331,276,72,11,0,7,40,0,9,63,1282,1.56,.261,.370,.747
317,6,19,3,3.21,37,8,0,0,6,2,6,4,73.0,27,26,309,270,57,10,0,4,33,0,3,69,1215,1.23,.211,.301,.594
318,2,19,3,3.21,38,8,0,0,6,2,5,3,73.0,32,26,317,276,68,11,1,4,28,1,6,61,1217,1.32,.246,.325,.662
319,4,19,3,2.43,34,8,0,0,5,3,4,3,74.0,24,20,293,259,53,16,1,4,21,0,3,65,1083,1.00,.205,.266,.587
320,9,19,4,6.55,109,22,0,0,7,14,9,4,195.0,151,142,928,776,228,50,10,18,113,7,18,143,3605,1.75,.294,.389,.842
321,8,19,4,5.35,112,22,0,0,9,13,12,4,193.1,131,115,895,772,223,41,3,22,99,5,9,183,3435,1.67,.289,.372,.808
322,10,19,4,5.31,97,21,1,0,9,12,4,2,183.0,115,108,820,733,226,40,6,16,68,1,9,155,3173,1.61,.308,.371,.816
323,1,19,4,4.82,90,24,0,0,8,16,7,5,211.0,129,113,941,791,207,44,3,24,118,4,11,134,3565,1.54,.262,.361,.776
324,3,19,4,4.15,98,22,1,1,7,15,5,3,199.1,109,92,863,756,190,37,4,17,81,3,7,171,3314,1.36,.251,.325,.703
325,5,19,4,4.14,100,24,0,0,16,8,11,9,215.1,109,99,939,856,240,50,6,17,64,2,5,183,3514,1.41,.280,.331,.743
326,6,19,4,3.93,107,23,0,0,14,8,15,9,213.0,103,93,934,836,236,41,1,15,69,3,7,182,3583,1.43,.282,.338,.726
327,7,19,4,3.68,95,22,0,0,13,9,9,7,200.2,95,82,868,783,207,28,4,19,62,3,14,174,3385,1.34,.264,.328,.711
328,2,19,4,3.24,104,24,0,0,15,9,7,7,211.0,84,76,890,808,209,37,5,12,58,2,12,138,3328,1.27,.259,.316,.677
329,4,19,4,2.81,91,22,0,0,14,8,7,5,201.2,75,63,840,735,163,28,2,8,77,3,18,168,3241,1.19,.222,.309,.607
330,8,19,5,6.31,129,27,1,1,9,18,3,1,238.1,174,167,1137,964,294,44,5,25,124,8,21,185,4344,1.75,.305,.391,.830
331,1,19,5,5.12,102,26,1,0,14,12,12,7,228.1,140,130,1026,910,266,45,8,13,83,4,18,150,3729,1.53,.292,.361,.763
332,7,19,5,4.54,116,26,1,0,13,13,10,6,232.0,127,117,1001,874,218,35,3,22,96,1,16,186,3781,1.35,.249,.331,.703
333,5,19,5,4.37,110,27,1,1,12,15,11,3,237.0,121,115,1017,926,254,40,6,13,64,0,10,191,3769,1.34,.274,.326,.699
334,3,19,5,4.29,112,26,1,1,14,12,12,7,231.0,122,110,1012,899,238,42,8,24,88,3,9,172,3855,1.41,.265,.332,.742
335,10,19,5,4.26,122,27,1,0,11,16,10,6,238.2,125,113,1061,922,251,45,2,20,103,1,17,172,4071,1.48,.272,.353,.744
336,4,19,5,4.08,102,26,1,0,12,14,11,9,225.0,124,102,998,888,236,44,7,15,83,3,13,164,3714,1.42,.266,.335,.717
337,9,19,5,3.77,112,27,1,0,14,13,16,6,238.2,113,100,1028,922,249,35,4,18,77,3,13,193,3888,1.37,.270,.331,.707
338,6,19,5,3.54,109,26,0,0,17,9,14,10,233.2,98,92,992,896,232,33,5,21,72,3,12,193,3751,1.30,.259,.322,.699
339,2,19,5,2.65,114,26,1,0,16,10,13,10,234.1,83,69,984,878,219,43,2,9,71,9,14,148,3726,1.24,.249,.313,.647
340,7,19,6,5.22,101,24,0,0,8,16,10,4,207.0,128,120,938,803,229,36,2,16,94,3,15,150,3581,1.56,.285,.364,.759
341,3,19,6,4.80,103,24,1,1,11,13,18,4,213.2,123,114,952,833,234,44,1,17,87,1,19,152,3798,1.50,.281,.358,.756
342,9,19,6,4.78,101,25,0,0,9,16,6,3,216.2,123,115,969,858,247,47,1,19,80,3,14,161,3576,1.51,.288,.356,.768
343,10,19,6,4.72,113,24,0,0,8,16,11,4,215.2,129,113,973,853,239,31,3,22,85,3,15,157,3761,1.50,.280,.353,.754
344,2,19,6,4.67,109,25,0,0,13,12,13,8,218.0,119,113,963,841,229,53,3,19,97,6,9,148,3668,1.50,.272,.350,.760
345,1,19,6,4.33,97,25,0,0,13,11,6,5,224.2,113,108,952,851,228,48,4,19,79,3,4,129,3612,1.37,.268,.330,.731
346,4,19,6,3.96,101,25,0,0,14,10,7,4,227.0,115,100,996,865,237,45,4,18,102,3,17,148,3743,1.49,.274,.359,.757
347,5,19,6,3.42,106,25,1,1,18,7,24,12,224.0,99,85,961,858,212,38,1,11,79,0,13,194,3748,1.30,.247,.318,.651
348,6,19,6,3.32,111,25,0,0,17,8,15,6,222.0,87,82,917,821,196,28,2,15,74,2,7,197,3614,1.22,.239,.305,.638
349,8,19,6,3.28,109,24,0,0,10,12,12,4,222.0,94,81,956,839,221,32,1,12,85,9,6,183,3743,1.38,.263,.331,.677
350,10,19,7,6.49,86,19,0,0,4,15,1,1,165.0,124,119,753,653,195,35,3,19,72,0,10,120,2874,1.62,.299,.372,.821
351,8,19,7,5.44,79,18,0,0,4,14,4,2,154.0,100,93,693,607,177,35,4,17,63,4,9,106,2627,1.56,.292,.364,.810
352,4,19,7,4.78,74,18,0,0,9,9,7,6,158.0,94,84,682,609,168,25,1,15,50,0,9,116,2524,1.38,.276,.335,.729
353,1,19,7,4.46,70,18,0,0,11,7,14,8,161.1,82,80,699,629,174,25,3,19,48,2,10,107,2576,1.38,.277,.334,.751
354,9,19,7,4.26,68,16,0,0,8,8,8,5,141.2,76,67,612,538,138,30,5,10,55,1,6,102,2360,1.36,.257,.327,.714
355,3,19,7,4.20,84,19,0,0,8,10,8,5,165.0,89,77,722,633,174,37,8,13,71,0,4,111,2810,1.49,.275,.348,.768
356,2,19,7,3.65,72,17,0,0,9,8,6,5,153.0,69,62,649,587,151,27,4,11,45,3,8,101,2449,1.28,.257,.316,.689
357,7,19,7,3.65,90,19,0,0,10,8,10,5,170.1,79,69,732,640,162,30,5,5,62,0,14,121,2792,1.32,.253,.328,.667
358,6,19,7,3.09,85,19,0,0,13,6,15,9,174.2,71,60,739,654,157,21,1,15,66,1,8,167,2878,1.28,.240,.315,.659
359,5,19,7,2.40,83,19,0,0,14,5,18,6,169.0,57,45,685,621,150,30,3,6,47,0,7,103,2466,1.17,.242,.299,.628
360,3,19,8,5.90,95,22,1,1,7,15,7,4,195.1,133,128,899,768,220,41,9,21,95,2,18,131,3358,1.61,.287,.374,.820
361,10,19,8,5.21,104,24,0,0,10,14,10,7,209.0,133,121,953,847,254,41,3,22,88,1,8,135,3744,1.64,.300,.368,.802
362,4,19,8,5.04,107,24,0,0,13,11,14,7,212.1,126,119,950,826,233,37,7,19,93,2,14,153,3682,1.54,.282,.361,.773
363,8,19,8,4.62,96,25,0,0,9,15,4,4,218.0,129,112,962,852,242,51,4,16,72,6,14,162,3600,1.44,.284,.345,.754
364,9,19,8,4.32,105,26,1,1,12,13,13,4,231.0,122,111,1005,884,230,38,3,17,90,1,15,169,3895,1.39,.260,.335,.702
365,5,19,8,4.11,104,25,0,0,13,11,11,2,223.1,108,102,958,874,246,55,6,7,55,0,12,160,3376,1.35,.282,.330,.712
366,7,19,8,3.81,105,24,2,0,12,12,11,4,215.0,98,91,912,813,210,32,3,20,72,3,13,154,3489,1.31,.258,.326,.705
367,2,19,8,3.65,98,24,0,0,17,7,13,9,212.0,90,86,879,790,200,38,5,9,55,0,14,128,3400,1.20,.253,.308,.656
368,1,19,8,3.35,98,25,0,0,14,10,13,7,223.0,89,83,947,854,214,42,4,16,72,2,10,145,3512,1.28,.251,.315,.680
369,6,19,8,3.32,102,25,0,0,13,12,17,9,216.2,86,80,907,816,207,22,4,14,68,1,9,150,3449,1.27,.254,.315,.657
370,3,19,9,4.30,97,23,0,0,10,13,6,5,201.0,111,96,884,785,207,39,6,23,72,0,11,130,3337,1.39,.264,.332,.749
371,9,19,9,4.00,74,20,1,1,9,11,11,6,171.0,92,76,752,679,186,34,1,10,55,0,9,141,2790,1.41,.274,.335,.706
372,6,19,9,3.95,77,18,0,0,8,10,10,4,159.1,74,70,665,592,155,21,1,15,54,2,4,134,2440,1.31,.262,.323,.700
373,8,19,9,3.71,92,19,0,0,4,15,9,1,165.0,78,68,709,628,161,24,2,14,61,0,9,132,2752,1.35,.256,.328,.696
374,1,19,9,3.40,78,18,1,1,9,9,4,4,159.0,67,60,669,603,150,14,2,15,53,0,4,124,2507,1.28,.249,.313,.666
375,2,19,9,3.32,78,19,2,0,11,7,12,2,173.1,68,64,707,667,166,20,2,14,24,1,7,129,2678,1.10,.249,.280,.628
376,10,19,9,3.20,92,21,0,0,12,9,6,8,188.1,72,67,792,701,176,32,1,13,71,3,8,142,3056,1.31,.251,.325,.680
377,4,19,9,3.16,90,21,0,0,12,9,12,9,185.1,75,65,796,695,167,28,1,10,73,4,17,139,2982,1.30,.240,.326,.652
378,7,19,9,2.77,92,20,2,2,12,7,4,3,179.0,58,55,754,679,172,26,1,14,56,0,11,137,2947,1.27,.253,.319,.676
379,5,19,9,1.99,64,15,0,0,9,6,7,3,131.0,39,29,533,488,116,21,1,4,32,1,5,91,1988,1.13,.238,.289,.598
380,7,19,10,5.40,9,1,0,0,0,1,4,0,8.1,6,5,42,40,15,1,1,0,1,0,0,6,150,1.92,.375,.390,.840
381,2,19,10,5.00,8,1,0,0,1,0,0,0,9.0,5,5,45,43,17,2,0,0,2,0,0,7,164,2.11,.395,.422,.864
382,8,19,10,1.00,7,1,0,0,0,1,0,0,9.0,3,1,38,35,8,3,0,0,3,0,0,9,136,1.22,.229,.290,.604
383,5,19,10,1.00,8,1,0,0,1,0,5,1,9.0,1,1,37,36,9,0,0,0,1,0,0,8,157,1.11,.250,.270,.520
384,2,20,5,5.67,104,23,0,0,14,9,8,6,211.0,148,133,972,850,255,57,3,20,90,4,11,146,3777,1.64,.300,.370,.815
385,1,20,5,5.58,99,23,0,0,10,13,12,2,204.2,138,127,935,818,234,32,1,22,86,3,16,139,3581,1.56,.286,.361,.769
386,10,20,5,5.26,101,24,1,1,7,17,5,4,207.0,127,121,939,818,235,44,9,26,92,2,14,180,3706,1.58,.287,.365,.824
387,6,20,5,4.84,109,23,0,0,7,16,11,3,204.2,131,110,905,787,208,44,3,18,93,1,9,164,3509,1.47,.264,.346,.742
388,5,20,5,4.82,113,24,0,0,12,12,13,6,209.0,124,112,901,808,226,37,2,27,64,1,13,162,3411,1.39,.280,.340,.771
389,8,20,5,4.80,120,23,0,0,11,12,11,3,208.1,118,111,906,789,210,46,2,25,91,1,8,158,3526,1.45,.266,.343,.768
390,3,20,5,4.69,106,24,0,0,10,14,9,2,211.0,132,110,941,821,221,46,3,28,91,2,16,151,3690,1.48,.269,.350,.785
391,9,20,5,4.42,102,24,0,0,12,12,8,3,213.2,120,105,912,820,220,47,7,14,69,2,11,191,3547,1.35,.268,.330,.724
392,4,20,5,4.24,97,23,0,0,16,7,11,8,204.0,107,96,868,785,209,36,2,22,60,0,7,153,3321,1.32,.266,.319,.721
393,7,20,5,3.73,111,23,0,0,18,5,19,9,210.0,92,87,890,789,192,27,2,25,80,2,9,171,3528,1.30,.243,.318,.696
394,10,20,6,6.48,121,24,0,0,5,19,8,2,209.2,177,151,1004,870,271,46,4,33,102,8,13,189,3883,1.78,.312,.388,.875
395,7,20,6,5.61,117,24,0,0,14,10,11,4,215.0,142,134,952,824,217,39,2,26,98,3,13,174,3699,1.47,.263,.348,.758
396,1,20,6,5.53,106,25,0,0,11,14,8,5,219.2,141,135,968,864,248,43,0,31,80,3,8,127,3615,1.49,.287,.351,.796
397,2,20,6,4.82,113,25,0,0,14,11,6,6,218.2,130,117,969,870,250,54,4,17,72,1,11,175,3797,1.47,.287,.346,.763
398,4,20,6,4.69,108,25,1,1,12,13,11,4,226.2,123,118,1015,873,226,44,4,19,104,5,22,187,3830,1.46,.259,.350,.733
399,6,20,6,4.53,108,25,0,0,7,18,7,2,220.1,118,111,987,847,227,35,3,27,105,2,18,179,3873,1.51,.268,.359,.771
400,8,20,6,4.46,108,23,0,0,12,11,9,4,205.2,105,102,864,779,205,29,1,26,56,5,9,158,3209,1.27,.263,.317,.720
401,3,20,6,3.95,118,25,0,0,15,10,15,9,219.0,103,96,942,832,215,38,3,25,88,2,7,155,3698,1.38,.258,.331,.733
402,9,20,6,3.85,80,21,1,1,12,9,13,8,177.2,84,76,756,681,167,31,4,15,57,0,7,158,2911,1.26,.245,.308,.677
403,5,20,6,3.25,104,25,0,0,19,6,8,6,224.0,90,81,923,846,211,31,3,18,51,2,12,154,3412,1.17,.249,.299,.656
404,6,20,7,6.70,120,25,0,0,10,14,14,7,216.1,167,161,1000,862,255,44,3,30,118,2,12,159,4065,1.72,.296,.386,.844
405,5,20,7,6.01,130,24,0,0,11,13,21,6,211.0,149,141,966,858,259,36,4,26,88,1,12,155,3841,1.65,.302,.373,.817
406,8,20,7,5.18,107,22,0,0,10,12,16,5,194.2,131,112,872,774,223,35,2,27,76,3,6,153,3491,1.54,.288,.353,.797
407,3,20,7,5.04,105,22,1,0,10,12,16,2,196.1,125,110,865,755,207,30,3,23,81,3,13,142,3466,1.47,.274,.353,.766
408,4,20,7,5.03,110,24,0,0,11,12,8,2,214.2,135,120,957,862,264,50,2,30,69,2,11,160,3569,1.55,.306,.361,.835
409,2,20,7,4.66,102,23,0,0,12,11,10,3,203.0,114,105,889,798,226,36,5,16,71,5,9,145,3433,1.46,.283,.346,.747
410,10,20,7,4.64,120,25,0,0,7,17,10,2,221.1,123,114,996,852,228,37,1,27,106,6,19,190,3981,1.51,.268,.360,.768
411,1,20,7,4.39,98,22,0,0,15,6,8,6,199.0,98,97,847,749,191,33,2,17,79,2,7,146,3267,1.36,.255,.329,.702
412,7,20,7,4.24,100,22,0,0,13,7,6,4,199.2,97,94,844,745,185,30,0,24,77,1,10,166,3314,1.31,.248,.325,.711
413,9,20,7,4.23,95,23,0,0,14,9,12,5,206.1,102,97,887,769,211,33,4,21,86,1,8,157,3463,1.44,.274,.350,.759
414,9,20,8,6.44,113,25,0,0,10,14,16,5,216.2,174,155,1021,868,274,52,11,26,117,0,11,185,4008,1.81,.316,.400,.890
415,6,20,8,6.36,113,23,1,0,8,15,6,2,195.1,151,138,925,779,223,33,4,29,114,2,19,157,3610,1.73,.286,.388,.838
416,10,20,8,5.47,107,21,0,0,7,14,8,5,184.1,132,112,840,719,202,37,2,32,93,3,14,139,3346,1.60,.281,.372,.843
417,7,20,8,5.42,116,23,0,0,11,12,9,3,206.0,132,124,939,825,238,36,3,28,83,1,17,150,3666,1.56,.289,.363,.805
418,3,20,8,5.26,113,24,1,0,8,15,18,6,207.0,131,121,927,797,218,33,4,19,100,2,12,128,3586,1.54,.274,.359,.756
419,2,20,8,4.03,119,25,1,0,11,10,9,2,223.1,112,100,1010,889,245,46,6,23,96,6,10,168,3988,1.53,.276,.351,.769
420,4,20,8,3.96,114,25,0,0,16,8,12,7,223.0,105,98,945,836,198,35,2,18,79,0,16,193,3697,1.24,.237,.313,.661
421,8,20,8,3.86,102,23,1,0,14,8,8,3,202.2,93,87,862,775,200,39,1,16,66,2,10,147,3340,1.31,.258,.322,.695
422,5,20,8,3.56,134,26,0,0,17,9,21,11,237.1,102,94,1003,892,222,33,2,19,78,2,14,185,3867,1.26,.249,.317,.671
423,1,20,8,3.43,105,23,0,0,13,10,19,8,207.1,96,79,910,793,207,25,2,13,92,5,9,144,3458,1.44,.261,.341,.688
424,6,20,9,6.22,127,26,0,0,8,18,6,4,225.2,169,156,1038,870,244,36,1,26,136,2,11,164,4148,1.68,.281,.380,.793
425,3,20,9,5.97,129,25,1,1,9,15,8,2,220.0,153,146,1006,886,262,41,2,28,90,2,11,196,4001,1.60,.296,.365,.806
426,9,20,9,5.02,112,24,0,0,15,9,14,7,215.0,127,120,952,829,229,39,3,14,92,2,12,173,3711,1.49,.276,.352,.734
427,8,20,9,5.02,130,27,0,0,12,15,8,4,238.1,148,133,1075,967,270,47,3,28,82,9,11,194,4130,1.48,.279,.342,.763
428,4,20,9,4.83,113,24,0,0,11,12,11,5,214.1,125,115,967,838,238,40,5,17,92,3,18,174,3787,1.54,.284,.363,.767
429,5,20,9,4.70,153,27,0,0,12,14,9,8,243.0,147,127,1082,943,261,44,3,21,103,4,13,189,4242,1.50,.277,.352,.749
430,10,20,9,4.26,127,26,0,0,11,14,12,4,232.2,121,110,1012,872,222,48,1,14,109,0,11,173,4081,1.42,.255,.340,.700
431,2,20,9,4.01,118,25,0,0,11,13,4,2,224.1,106,100,971,864,228,34,6,21,81,3,9,215,3879,1.38,.264,.332,.722
432,1,20,9,3.94,129,26,0,0,19,7,15,6,235.0,108,103,1005,891,232,38,2,19,91,3,8,138,3771,1.37,.260,.332,.704
433,7,20,9,3.63,135,26,0,0,17,8,23,8,233.0,107,94,1002,874,209,34,4,24,98,1,18,207,3901,1.32,.239,.327,.697
434,9,20,10,6.45,137,27,0,0,10,17,16,5,240.0,188,172,1150,964,297,63,5,30,138,3,21,174,4484,1.81,.308,.400,.878
435,10,20,10,5.83,129,24,0,0,9,14,11,4,210.0,140,136,965,829,242,28,1,26,107,3,8,148,3885,1.66,.292,.373,.795
436,7,20,10,4.94,157,26,0,0,10,13,20,3,233.0,144,128,1063,919,251,33,4,26,111,2,12,181,4254,1.55,.273,.356,.758
437,6,20,10,4.89,109,22,0,0,11,11,9,2,197.0,110,107,872,741,186,33,3,32,104,3,15,130,3524,1.47,.251,.352,.785
438,1,20,10,4.53,128,25,0,0,13,12,9,6,224.2,134,113,1015,890,245,56,2,16,95,4,11,154,3804,1.51,.275,.349,.746
439,8,20,10,4.51,122,26,0,0,12,14,7,6,227.2,125,114,1004,903,243,45,8,21,76,5,14,192,3824,1.40,.269,.335,.741
440,5,20,10,4.04,96,18,0,0,9,9,9,5,156.0,80,70,681,600,157,27,1,15,62,6,9,105,2576,1.40,.262,.338,.723
441,3,20,10,3.82,127,24,0,0,12,9,14,4,219.0,101,93,953,837,207,34,1,28,92,5,8,159,3828,1.37,.247,.326,.717
442,4,20,10,3.60,111,23,1,1,13,9,14,3,210.0,99,84,903,788,209,35,2,17,89,2,12,152,3521,1.42,.265,.345,.725
443,2,20,10,3.22,100,23,0,0,16,7,6,4,204.1,85,73,865,778,189,31,1,12,67,3,11,197,3516,1.25,.243,.311,.642
444,6,21,4,5.47,102,23,0,0,12,11,9,7,204.0,135,124,943,797,214,40,3,19,117,7,13,182,3717,1.62,.269,.367,.765
445,5,21,4,5.32,117,24,0,0,10,14,10,5,220.0,144,130,1014,864,244,40,0,17,118,5,18,159,4034,1.65,.282,.377,.765
446,8,21,4,5.15,104,23,0,0,10,13,11,3,206.1,127,118,937,795,212,46,5,23,108,4,17,171,3673,1.55,.267,.362,.786
447,10,21,4,4.55,104,23,0,0,9,14,5,3,200.0,114,101,906,757,179,35,4,19,120,3,15,167,3686,1.50,.237,.348,.717
448,9,21,4,4.53,108,23,0,0,12,11,14,5,214.2,117,108,958,801,197,33,4,20,122,1,16,169,3919,1.49,.246,.354,.726
449,7,21,4,4.50,115,23,0,0,11,12,12,3,202.0,114,101,903,800,215,33,2,19,90,1,6,167,3636,1.51,.269,.346,.732
450,1,21,4,4.07,103,23,0,0,13,10,12,4,201.0,100,91,867,766,189,28,2,17,86,3,5,163,3335,1.37,.247,.326,.681
451,2,21,4,4.00,94,23,0,0,12,11,12,6,202.1,97,90,898,786,220,34,4,16,89,8,10,146,3521,1.53,.280,.359,.753
452,3,21,4,3.64,114,24,1,1,14,10,10,6,210.0,99,85,910,808,200,31,3,16,86,1,9,193,3654,1.36,.248,.325,.678
453,4,21,4,3.57,108,23,0,0,13,10,17,7,204.0,89,81,890,760,182,30,4,11,102,2,16,181,3611,1.39,.240,.339,.672
454,8,21,5,6.24,115,22,0,0,5,16,5,3,194.2,145,135,897,774,227,44,3,25,98,4,8,168,3635,1.67,.293,.376,.831
455,9,21,5,6.19,104,22,0,0,7,15,11,4,192.0,140,132,903,756,224,39,3,21,109,1,16,144,3602,1.73,.296,.393,.832
456,3,21,5,5.13,114,23,0,0,12,11,13,9,203.2,127,116,929,814,235,41,5,31,90,0,8,176,3721,1.60,.289,.362,.828
457,10,21,5,5.01,112,23,0,0,9,14,7,4,203.0,126,113,933,777,190,44,2,22,130,2,15,161,3901,1.58,.245,.361,.752
458,7,21,5,4.57,106,23,0,0,13,9,16,7,202.2,119,103,929,791,217,49,1,17,109,2,13,179,3663,1.61,.274,.367,.770
459,1,21,5,4.40,107,22,0,0,12,10,12,7,198.1,114,97,903,759,202,26,4,12,107,2,9,159,3556,1.56,.266,.357,.716
460,6,21,5,4.29,109,22,0,0,15,7,12,5,201.1,104,96,903,761,192,36,2,22,111,4,18,157,3576,1.51,.252,.358,.750
461,2,21,5,4.07,100,22,0,0,12,10,13,5,199.0,104,90,913,782,219,35,4,15,99,2,12,162,3644,1.60,.280,.366,.758
462,4,21,5,4.06,109,24,0,0,13,11,16,5,210.2,105,95,905,783,195,32,2,19,91,1,15,156,3533,1.36,.249,.335,.703
463,5,21,5,3.53,95,23,0,0,14,9,8,6,199.0,88,78,867,763,197,28,2,22,82,1,8,155,3316,1.40,.258,.334,.721
464,9,21,6,6.22,99,23,0,0,6,17,11,5,195.1,139,135,921,771,212,35,1,29,118,1,17,149,3570,1.69,.275,.380,.816
465,8,21,6,5.27,123,26,1,1,15,11,12,6,229.0,142,134,1021,876,233,53,2,21,110,3,18,184,4032,1.50,.266,.357,.760
466,7,21,6,5.14,111,23,0,0,12,10,16,5,205.0,120,117,914,786,202,37,3,26,105,2,12,174,3698,1.50,.257,.351,.762
467,10,21,6,4.96,113,25,1,0,8,17,7,4,216.0,134,119,975,827,221,39,5,33,122,8,10,163,3981,1.59,.267,.366,.812
468,2,21,6,4.87,120,25,0,0,10,15,8,4,221.2,126,120,987,852,237,36,2,22,98,2,14,172,3931,1.51,.278,.358,.761
469,6,21,6,4.62,117,25,0,0,12,11,12,6,224.0,124,115,985,854,222,31,5,34,107,7,8,177,3938,1.47,.260,.346,.773
470,3,21,6,4.24,122,26,0,0,14,11,27,11,227.1,116,107,1008,868,228,43,7,28,121,1,8,160,4016,1.54,.263,.357,.782
471,1,21,6,3.97,97,23,1,1,16,7,12,7,204.0,96,90,864,766,189,38,4,15,75,1,8,190,3347,1.29,.247,.317,.682
472,5,21,6,3.63,111,26,0,0,13,13,7,7,230.2,116,93,993,863,215,31,0,24,100,10,11,187,3897,1.37,.249,.333,.701
473,4,21,6,3.55,120,24,0,0,15,9,10,8,212.2,93,84,916,802,202,34,2,13,84,2,19,141,3579,1.35,.252,.335,.683
474,8,21,7,6.97,38,7,0,0,3,4,2,2,62.0,51,48,297,252,70,17,0,12,35,1,5,42,1175,1.69,.278,.374,.862
475,2,21,7,5.44,17,5,0,0,2,3,0,1,43.0,27,26,186,168,49,6,2,7,13,1,2,35,695,1.44,.292,.344,.820
476,7,21,7,5.08,23,5,0,0,1,4,0,0,39.0,23,22,196,163,51,7,0,3,27,0,3,25,778,2.00,.313,.418,.829
477,6,21,7,5.00,39,10,0,0,3,7,1,0,90.0,53,50,410,342,89,12,0,7,52,1,8,77,1605,1.57,.260,.366,.723
478,1,21,7,4.57,29,7,0,0,4,3,3,2,61.0,34,31,263,240,61,8,0,7,19,0,2,56,1063,1.31,.254,.312,.687
479,10,21,7,4.52,41,8,0,0,3,5,3,1,71.2,41,36,316,262,63,11,1,5,43,0,6,52,1286,1.48,.241,.356,.703
480,5,21,7,4.28,29,7,0,0,4,3,1,0,61.0,33,29,257,225,54,11,0,3,20,2,4,49,1015,1.21,.240,.308,.637
481,4,21,7,3.50,21,4,0,0,2,2,0,0,36.0,17,14,148,126,30,3,0,1,11,1,4,24,564,1.14,.238,.313,.598
482,3,21,7,3.19,31,7,0,0,5,2,3,3,62.0,23,22,258,225,56,9,0,5,24,1,4,41,1015,1.29,.249,.331,.686
483,9,21,7,2.09,27,6,0,0,6,0,5,3,56.0,14,13,229,200,43,7,0,3,23,0,2,41,899,1.18,.215,.298,.593
484,6,21,8,5.67,66,15,0,0,4,9,9,0,128.2,83,81,574,503,143,23,1,21,53,1,8,101,2218,1.52,.284,.359,.818
485,9,21,8,5.41,75,14,0,0,5,5,7,2,123.0,75,74,535,463,118,19,0,22,53,1,6,84,2040,1.39,.255,.334,.772
486,2,21,8,5.35,70,16,1,0,6,8,4,2,136.1,93,81,610,506,132,28,1,12,74,0,12,121,2396,1.51,.261,.363,.754
487,3,21,8,4.50,82,17,0,0,7,8,7,3,146.0,79,73,630,550,141,23,2,13,54,4,7,143,2512,1.34,.256,.326,.703
488,10,21,8,4.33,87,18,0,0,7,7,9,4,158.0,86,76,709,598,158,33,1,7,72,4,18,138,2779,1.46,.264,.354,.712
489,7,21,8,4.33,66,15,0,0,6,7,7,4,129.0,70,62,555,481,115,16,0,18,54,0,11,97,2199,1.31,.239,.327,.712
490,8,21,8,4.03,86,16,0,0,8,6,13,7,138.1,66,62,603,518,128,16,0,7,69,0,10,111,2335,1.42,.247,.345,.664
491,5,21,8,3.73,69,17,0,0,8,8,9,3,147.0,65,61,634,544,133,32,0,7,69,1,11,85,2438,1.37,.245,.339,.681
492,1,21,8,3.54,75,18,0,0,10,7,9,5,155.0,69,61,657,575,133,26,2,9,61,3,9,135,2555,1.25,.231,.311,.642
493,4,21,8,2.94,70,16,0,0,9,5,6,5,141.0,52,46,583,514,109,19,1,7,49,2,11,127,2205,1.12,.212,.292,.586
494,8,21,9,5.73,143,27,0,0,14,12,19,10,235.2,160,150,1101,943,273,49,4,26,127,4,17,193,4358,1.70,.290,.381,.814
495,6,21,9,5.62,120,27,0,0,10,12,4,3,234.0,154,146,1046,901,242,47,2,32,106,3,14,171,4094,1.49,.269,.350,.782
496,5,21,9,4.92,117,25,0,0,11,10,12,6,217.2,147,119,1003,861,248,40,4,19,97,4,19,151,3837,1.59,.288,.368,.778
497,10,21,9,4.92,145,26,0,0,8,13,17,3,225.0,131,123,998,853,207,36,4,16,104,3,17,197,3900,1.38,.243,.331,.682
498,9,21,9,4.58,126,28,1,0,8,18,12,5,240.0,144,122,1072,926,254,50,7,21,97,1,23,180,4087,1.46,.274,.352,.763
499,3,21,9,4.38,122,26,0,0,13,8,7,6,230.0,121,112,1009,902,250,46,4,21,86,3,7,171,3958,1.46,.277,.342,.749
500,4,21,9,4.37,120,24,0,0,10,11,11,4,210.0,113,102,918,778,189,34,4,18,110,3,14,197,3542,1.42,.243,.344,.710
501,7,21,9,4.35,138,28,2,0,13,15,15,6,240.0,128,116,1065,939,240,47,1,22,90,2,22,205,4184,1.38,.256,.332,.710
502,2,21,9,3.29,119,27,1,1,16,8,14,4,238.0,98,87,1026,895,221,38,3,17,99,1,16,201,3965,1.35,.247,.330,.683
503,1,21,9,2.82,104,26,1,1,13,9,15,4,229.2,81,72,932,850,199,32,0,11,66,3,5,170,3571,1.15,.234,.292,.602
504,8,21,10,4.96,123,23,0,0,10,9,14,6,205.0,117,113,903,762,190,28,2,19,111,3,13,185,3627,1.47,.249,.353,.719
505,5,21,10,4.60,93,22,1,1,10,10,9,3,188.0,107,96,831,729,190,41,1,9,80,4,9,114,3133,1.44,.261,.338,.694
506,3,21,10,4.30,91,21,1,0,11,9,13,8,180.0,93,86,792,707,187,37,3,17,69,3,8,154,3050,1.42,.265,.335,.733
507,7,21,10,4.26,137,27,1,1,11,11,14,7,239.0,123,113,1060,918,228,42,8,20,117,7,10,208,4188,1.44,.248,.338,.715
508,2,21,10,4.21,138,26,0,0,13,10,10,7,229.0,111,107,1011,860,217,35,5,15,115,2,7,208,4011,1.45,.252,.339,.696
509,10,21,10,4.18,115,21,0,0,5,13,14,2,185.0,107,86,835,715,190,25,2,13,82,3,20,133,3319,1.47,.266,.354,.714
510,9,21,10,3.96,137,28,0,0,14,10,34,12,248.0,123,109,1083,937,238,31,1,18,100,0,24,184,4258,1.36,.254,.337,.684
511,6,21,10,3.47,107,22,0,0,10,7,9,4,194.2,88,75,845,737,194,25,1,14,84,4,8,147,3311,1.43,.263,.342,.699
512,1,21,10,3.18,99,25,0,0,8,13,11,4,215.0,90,76,911,816,203,26,1,15,75,6,4,189,3466,1.29,.249,.313,.651
513,4,21,10,3.00,149,29,0,0,10,10,21,3,258.0,92,86,1093,959,219,45,5,11,98,7,19,242,4422,1.23,.228,.311,.631
514,7,22,4,4.22,115,25,0,0,8,17,2,3,221.2,114,104,977,851,219,41,4,17,90,3,20,198,3824,1.39,.257,.340,.715
515,10,22,4,4.00,126,25,0,0,9,16,15,5,216.0,113,96,959,833,210,44,1,18,92,5,15,167,3776,1.40,.252,.334,.706
516,3,22,4,3.84,112,25,0,0,10,15,9,6,218.0,113,93,958,850,226,47,1,18,72,2,13,159,3627,1.37,.266,.330,.717
517,1,22,4,3.51,101,24,0,0,11,13,12,8,213.0,92,83,885,814,216,26,7,12,43,2,13,185,3332,1.22,.265,.310,.669
518,9,22,4,3.49,100,24,0,0,10,14,12,6,209.0,100,81,899,793,187,43,4,15,74,1,13,182,3427,1.25,.236,.309,.665
519,2,22,4,3.46,119,24,0,0,13,11,17,10,218.2,97,84,934,809,197,33,1,11,92,2,13,170,3625,1.32,.244,.328,.656
520,4,22,4,3.28,123,25,0,0,14,11,11,7,225.0,89,82,953,834,198,32,7,11,89,4,15,191,3692,1.28,.237,.320,.652
521,5,22,4,3.09,111,25,0,0,14,11,20,9,227.0,91,78,940,843,195,46,2,10,73,1,10,170,3582,1.18,.231,.298,.624
522,8,22,4,3.00,104,24,0,0,14,9,19,9,219.1,86,73,929,826,194,39,3,5,84,1,8,235,3623,1.27,.235,.310,.617
523,6,22,4,2.61,104,25,0,0,19,5,21,11,228.0,68,66,928,831,170,24,2,11,79,5,8,175,3572,1.09,.205,.279,.557
524,10,22,5,6.51,131,26,0,0,10,16,14,6,228.0,174,165,1053,918,285,69,8,23,96,5,14,175,4024,1.67,.311,.380,.858
525,8,22,5,4.83,115,26,0,0,9,17,5,2,227.1,134,122,1003,873,245,49,3,16,88,7,19,185,3858,1.47,.281,.356,.755
526,4,22,5,4.25,142,26,0,0,14,12,21,6,230.2,125,109,1018,888,236,35,7,19,98,6,13,167,3980,1.45,.266,.343,.728
527,7,22,5,4.25,118,26,0,0,9,17,11,5,228.2,127,108,1024,883,231,38,6,20,106,3,20,220,4069,1.47,.262,.351,.737
528,6,22,5,4.16,103,26,1,0,15,10,11,10,235.2,110,109,987,865,213,33,3,24,89,6,14,187,3801,1.28,.246,.324,.698
529,2,22,5,4.12,107,25,0,0,11,13,12,3,225.0,118,103,987,857,221,34,2,25,101,2,10,173,3872,1.43,.258,.339,.729
530,9,22,5,4.11,120,26,0,0,18,8,14,9,232.0,128,106,1008,905,247,44,7,23,74,4,8,187,3829,1.38,.273,.330,.743
531,1,22,5,3.93,105,26,0,0,11,15,8,4,233.2,115,102,979,883,223,33,0,19,70,8,11,204,3760,1.25,.253,.313,.667
532,3,22,5,3.70,112,25,1,1,14,11,12,7,226.0,102,93,980,873,220,33,2,23,89,7,5,174,3906,1.37,.252,.324,.698
533,5,22,5,3.18,109,26,1,1,17,9,11,7,234.2,102,83,992,869,200,52,4,16,94,4,12,199,3880,1.25,.230,.311,.665
534,2,22,6,5.79,49,10,0,0,4,6,3,2,87.0,63,56,402,355,106,13,3,11,36,0,4,65,1574,1.63,.299,.367,.812
535,10,22,6,5.32,47,10,0,0,3,7,5,1,88.0,56,52,394,336,85,11,2,11,46,1,5,63,1567,1.49,.253,.348,.744
536,5,22,6,5.28,49,10,0,0,5,4,3,2,92.0,57,54,408,359,97,27,1,9,36,0,4,82,1608,1.45,.270,.340,.766
537,9,22,6,5.04,46,10,0,0,4,5,5,2,91.0,51,51,398,346,90,11,1,11,40,0,3,72,1604,1.43,.260,.338,.732
538,8,22,6,4.50,44,10,0,0,3,6,5,1,96.0,53,48,420,365,91,23,1,7,36,4,8,93,1647,1.32,.249,.327,.702
539,6,22,6,4.30,49,11,0,0,5,5,3,4,98.1,56,47,425,384,94,21,4,8,37,1,2,78,1630,1.33,.245,.314,.697
540,3,22,6,4.26,54,10,0,0,5,5,8,5,95.0,57,45,420,374,106,18,1,9,35,2,5,78,1691,1.48,.283,.350,.759
541,4,22,6,3.82,52,10,0,0,6,3,8,3,92.0,42,39,394,356,92,14,2,9,29,2,3,57,1434,1.32,.258,.319,.704
542,1,22,6,2.91,46,11,1,1,6,3,5,2,102.0,36,33,430,381,85,11,0,7,41,0,5,83,1620,1.24,.223,.307,.614
543,7,22,6,1.99,45,10,0,0,6,3,2,3,95.0,24,21,376,334,69,13,1,1,27,0,7,89,1437,1.01,.207,.277,.537
