,team,year,month,pov,obp,slg,ba,ops,era,fb,inning,fb_inning,whip
0,1,2015,3,0.4,0.403,0.412,0.284,0.815,8.28,13.0,25.0,0.52,1.92
1,1,2015,4,0.318,0.29,0.295,0.208,0.584,5.52,129.0,195.2,0.661,1.79
2,1,2015,5,0.444,0.342,0.356,0.263,0.698,5.72,108.0,240.2,0.45,1.58
3,1,2015,6,0.435,0.353,0.456,0.29,0.81,5.93,85.0,202.0,0.421,1.68
4,1,2015,7,0.389,0.365,0.443,0.297,0.807,5.73,52.0,154.0,0.338,1.6
5,1,2015,8,0.4,0.378,0.499,0.311,0.877,5.41,103.0,224.2,0.459,1.61
6,1,2015,9,0.364,0.339,0.362,0.266,0.701,5.23,77.0,186.0,0.414,1.74
7,1,2015,10,0.333,0.313,0.369,0.255,0.682,2.79,10.0,38.2,0.262,1.19
8,1,2016,3,0.6,,,,,,,,,
9,1,2016,4,0.52,0.341,0.393,0.264,0.734,4.53,97.0,226.2,0.429,1.48
10,1,2016,5,0.364,0.37,0.424,0.296,0.794,5.9,100.0,215.0,0.465,1.62
11,1,2016,6,0.458,0.329,0.372,0.258,0.701,6.03,80.0,218.0,0.367,1.73
12,1,2016,7,0.6,0.339,0.37,0.268,0.709,7.14,100.0,174.0,0.575,1.87
13,1,2016,8,0.391,0.335,0.371,0.275,0.705,6.45,74.0,198.0,0.374,1.7
14,1,2016,9,0.391,0.358,0.436,0.293,0.793,6.22,90.0,198.1,0.454,1.79
15,1,2016,10,0.4,0.328,0.349,0.272,0.677,4.4,19.0,43.0,0.442,1.74
16,1,2017,3,0.727,0.297,0.4,0.257,0.697,2.0,0.0,9.0,0.0,0.89
17,1,2017,4,0.52,0.285,0.321,0.229,0.607,4.32,56.0,219.0,0.256,1.35
18,1,2017,5,0.385,0.346,0.429,0.287,0.775,5.75,74.0,227.0,0.326,1.55
19,1,2017,6,0.36,0.333,0.405,0.28,0.739,6.79,82.0,217.1,0.378,1.64
20,1,2017,7,0.316,0.329,0.365,0.253,0.694,6.28,68.0,162.0,0.42,1.67
21,1,2017,8,0.417,0.356,0.463,0.292,0.819,6.24,68.0,207.2,0.328,1.64
22,1,2017,9,0.571,0.33,0.451,0.292,0.781,5.68,73.0,187.0,0.39,1.59
23,1,2017,10,0.667,0.402,0.524,0.371,0.926,5.0,12.0,27.0,0.444,1.44
24,1,2018,3,0.615,0.355,0.546,0.313,0.901,6.49,17.0,61.0,0.279,1.62
25,1,2018,4,0.542,0.351,0.472,0.283,0.823,5.17,66.0,212.1,0.311,1.45
26,1,2018,5,0.292,0.339,0.431,0.274,0.77,4.8,52.0,212.0,0.245,1.51
27,1,2018,6,0.435,0.315,0.409,0.252,0.724,5.59,77.0,207.2,0.372,1.59
28,1,2018,7,0.65,0.351,0.503,0.288,0.854,5.45,63.0,190.0,0.332,1.59
29,1,2018,8,0.385,0.319,0.435,0.25,0.754,5.84,39.0,114.0,0.342,1.61
30,1,2018,9,0.318,0.352,0.447,0.279,0.799,5.61,83.0,205.1,0.405,1.71
31,1,2018,10,1.0,0.341,0.458,0.278,0.799,4.38,12.0,72.0,0.167,1.33
32,1,2019,3,0.154,0.353,0.381,0.282,0.734,4.65,28.0,69.2,0.405,1.32
33,1,2019,4,0.417,0.309,0.343,0.246,0.652,4.82,118.0,211.0,0.559,1.54
34,1,2019,5,0.692,0.355,0.391,0.283,0.746,5.12,83.0,228.1,0.364,1.53
35,1,2019,6,0.417,0.355,0.397,0.29,0.752,4.33,79.0,224.2,0.352,1.37
36,1,2019,7,0.556,0.361,0.406,0.299,0.767,4.46,48.0,161.1,0.298,1.38
37,1,2019,8,0.583,0.342,0.384,0.274,0.726,3.35,72.0,223.0,0.323,1.28
38,1,2019,9,0.556,0.334,0.396,0.272,0.731,3.4,53.0,159.0,0.333,1.28
39,1,2020,5,0.304,0.361,0.471,0.306,0.832,5.58,86.0,204.2,0.421,1.56
40,1,2020,6,0.44,0.347,0.425,0.272,0.772,5.53,80.0,219.2,0.365,1.49
41,1,2020,7,0.619,0.365,0.468,0.299,0.833,4.39,79.0,199.0,0.397,1.36
42,1,2020,8,0.696,0.343,0.389,0.248,0.732,3.43,92.0,207.1,0.444,1.44
43,1,2020,9,0.577,0.365,0.419,0.287,0.784,3.94,91.0,235.0,0.387,1.37
44,1,2020,10,0.52,0.364,0.445,0.288,0.809,4.53,95.0,224.2,0.424,1.51
45,1,2020,11,0.25,,,,,,,,,
46,1,2021,3,0.5,,,,,,,,,
47,1,2021,4,0.435,0.394,0.403,0.295,0.797,4.07,86.0,201.0,0.428,1.37
48,1,2021,5,0.545,0.356,0.382,0.256,0.738,4.4,107.0,198.1,0.54,1.56
49,1,2021,6,0.696,0.35,0.403,0.262,0.753,3.97,75.0,204.0,0.368,1.29
50,1,2021,7,0.714,0.318,0.361,0.242,0.679,4.57,19.0,61.0,0.311,1.31
51,1,2021,8,0.529,0.358,0.384,0.268,0.742,3.54,61.0,155.0,0.394,1.25
52,1,2021,9,0.545,0.34,0.362,0.256,0.702,2.82,66.0,229.2,0.288,1.15
53,1,2021,10,0.364,0.35,0.364,0.262,0.715,3.18,75.0,215.0,0.349,1.29
54,1,2021,11,1.0,,,,,,,,,
55,1,2022,3,0.625,,,,,,,,,
56,1,2022,4,0.5,0.318,0.339,0.244,0.657,3.51,43.0,213.0,0.202,1.22
57,1,2022,5,0.423,0.332,0.346,0.248,0.678,3.93,70.0,233.2,0.3,1.25
58,1,2022,6,0.714,0.326,0.394,0.251,0.721,2.91,41.0,102.0,0.402,1.24
59,2,2015,3,0.75,0.347,0.516,0.297,0.863,2.5,6.0,18.0,0.333,1.33
60,2,2015,4,0.636,0.361,0.445,0.281,0.806,4.84,107.0,201.0,0.532,1.5
61,2,2015,5,0.565,0.368,0.409,0.277,0.777,5.75,91.0,203.1,0.448,1.58
62,2,2015,6,0.565,0.367,0.425,0.301,0.792,4.46,78.0,203.2,0.384,1.4
63,2,2015,7,0.571,0.374,0.455,0.295,0.829,5.39,76.0,187.0,0.406,1.58
64,2,2015,8,0.625,0.369,0.418,0.29,0.787,3.96,93.0,216.0,0.431,1.42
65,2,2015,9,0.56,0.377,0.451,0.297,0.829,6.52,116.0,221.0,0.525,1.77
66,2,2015,10,0.667,0.398,0.422,0.266,0.819,2.0,17.0,36.0,0.472,1.19
67,2,2016,3,0.846,,,,,,,,,
68,2,2016,4,0.696,0.379,0.426,0.285,0.805,3.21,74.0,216.0,0.343,1.32
69,2,2016,5,0.64,0.401,0.538,0.33,0.938,5.28,95.0,223.1,0.426,1.64
70,2,2016,6,0.64,0.361,0.426,0.285,0.787,3.74,81.0,221.1,0.366,1.34
71,2,2016,7,0.476,0.355,0.446,0.286,0.801,5.78,83.0,187.0,0.444,1.51
72,2,2016,8,0.417,0.384,0.506,0.302,0.89,4.4,82.0,217.0,0.378,1.48
73,2,2016,9,0.591,0.381,0.488,0.296,0.869,4.34,71.0,195.0,0.364,1.44
74,2,2016,10,1.0,0.388,0.491,0.307,0.879,5.79,12.0,28.0,0.429,1.79
75,2,2016,11,1.0,,,,,,,,,
76,2,2017,3,0.545,0.242,0.185,0.148,0.428,0.0,3.0,9.0,0.333,0.78
77,2,2017,4,0.417,0.354,0.386,0.272,0.74,4.62,100.0,228.0,0.439,1.54
78,2,2017,5,0.522,0.383,0.458,0.299,0.841,3.53,68.0,206.1,0.33,1.32
79,2,2017,6,0.56,0.375,0.499,0.304,0.874,6.35,88.0,222.2,0.396,1.73
80,2,2017,7,0.737,0.367,0.512,0.311,0.879,4.2,63.0,180.0,0.35,1.31
81,2,2017,8,0.538,0.368,0.46,0.297,0.827,3.63,75.0,238.0,0.315,1.37
82,2,2017,9,0.476,0.376,0.466,0.292,0.842,4.16,61.0,186.0,0.328,1.46
83,2,2017,10,0.273,0.351,0.379,0.242,0.729,3.0,6.0,18.0,0.333,1.28
84,2,2018,3,0.615,0.34,0.412,0.261,0.751,4.94,23.0,62.0,0.371,1.42
85,2,2018,4,0.652,0.364,0.467,0.293,0.831,4.81,80.0,205.2,0.39,1.5
86,2,2018,5,0.522,0.347,0.457,0.294,0.804,4.55,82.0,209.2,0.392,1.35
87,2,2018,6,0.615,0.396,0.547,0.332,0.943,4.64,84.0,232.2,0.362,1.41
88,2,2018,7,0.714,0.383,0.509,0.326,0.892,5.87,63.0,187.0,0.337,1.59
89,2,2018,8,0.615,0.374,0.451,0.301,0.825,6.16,41.0,114.0,0.36,1.62
90,2,2018,9,0.625,0.393,0.505,0.314,0.898,4.99,82.0,212.2,0.386,1.44
91,2,2018,10,0.571,0.384,0.423,0.316,0.807,3.88,21.0,65.0,0.323,1.29
92,2,2018,11,0.333,,,,,,,,,
93,2,2019,3,0.533,0.349,0.357,0.246,0.707,3.21,28.0,73.0,0.384,1.32
94,2,2019,4,0.542,0.372,0.438,0.284,0.809,3.24,58.0,211.0,0.275,1.27
95,2,2019,5,0.577,0.355,0.383,0.272,0.738,2.65,71.0,234.1,0.303,1.24
96,2,2019,6,0.56,0.354,0.354,0.271,0.708,4.67,97.0,218.0,0.445,1.5
97,2,2019,7,0.471,0.328,0.375,0.261,0.704,3.65,45.0,153.0,0.294,1.28
98,2,2019,8,0.667,0.37,0.442,0.302,0.813,3.65,55.0,212.0,0.259,1.2
99,2,2019,9,0.667,0.34,0.337,0.276,0.678,3.32,24.0,173.1,0.139,1.1
100,2,2019,10,0.8,0.39,0.45,0.375,0.84,5.0,2.0,9.0,0.222,2.11
101,2,2020,5,0.609,0.361,0.444,0.299,0.805,5.67,90.0,211.0,0.427,1.64
102,2,2020,6,0.48,0.367,0.447,0.29,0.813,4.82,72.0,218.2,0.33,1.47
103,2,2020,7,0.565,0.375,0.444,0.313,0.82,4.66,71.0,203.0,0.35,1.46
104,2,2020,8,0.409,0.369,0.422,0.298,0.791,4.03,96.0,223.1,0.43,1.53
105,2,2020,9,0.5,0.333,0.354,0.248,0.687,4.01,81.0,224.1,0.361,1.38
106,2,2020,10,0.652,0.389,0.453,0.31,0.841,3.22,67.0,204.1,0.328,1.25
107,2,2020,11,0.583,,,,,,,,,
108,2,2021,3,0.5,,,,,,,,,
109,2,2021,4,0.565,0.371,0.403,0.289,0.774,4.0,89.0,202.1,0.44,1.53
110,2,2021,5,0.545,0.365,0.396,0.274,0.761,4.07,99.0,199.0,0.497,1.6
111,2,2021,6,0.32,0.34,0.396,0.263,0.737,4.87,98.0,221.2,0.443,1.51
112,2,2021,7,0.2,0.374,0.431,0.282,0.805,5.44,13.0,43.0,0.302,1.44
113,2,2021,8,0.357,0.321,0.396,0.254,0.716,5.35,74.0,136.1,0.544,1.51
114,2,2021,9,0.708,0.349,0.407,0.272,0.756,3.29,99.0,238.0,0.416,1.35
115,2,2021,10,0.565,0.341,0.339,0.251,0.68,4.21,115.0,229.0,0.502,1.45
116,2,2021,11,0.182,,,,,,,,,
117,2,2022,3,0.111,,,,,,,,,
118,2,2022,4,0.542,0.315,0.317,0.243,0.632,3.46,92.0,218.2,0.422,1.32
119,2,2022,5,0.333,0.339,0.359,0.259,0.698,4.12,101.0,225.0,0.449,1.43
120,2,2022,6,0.25,0.349,0.441,0.278,0.791,5.79,36.0,87.0,0.414,1.63
121,3,2015,3,0.467,0.379,0.469,0.319,0.848,4.67,14.0,27.0,0.519,1.3
122,3,2015,4,0.652,0.353,0.468,0.271,0.821,3.61,57.0,204.2,0.279,1.22
123,3,2015,5,0.52,0.375,0.437,0.287,0.812,4.01,65.0,220.0,0.295,1.27
124,3,2015,6,0.429,0.367,0.489,0.312,0.856,5.06,63.0,185.0,0.341,1.36
125,3,2015,7,0.476,0.387,0.489,0.325,0.877,5.31,71.0,188.0,0.378,1.51
126,3,2015,8,0.5,0.393,0.457,0.304,0.85,5.48,82.0,216.2,0.379,1.57
127,3,2015,9,0.542,0.386,0.49,0.311,0.876,5.16,66.0,206.0,0.32,1.39
128,3,2015,10,0.625,0.416,0.363,0.294,0.779,2.25,5.0,28.0,0.179,0.79
129,3,2016,3,0.688,,,,,,,,,
130,3,2016,4,0.478,0.354,0.393,0.273,0.746,5.33,80.0,201.0,0.398,1.53
131,3,2016,5,0.5,0.387,0.454,0.304,0.841,5.66,99.0,232.0,0.427,1.59
132,3,2016,6,0.385,0.349,0.424,0.277,0.773,6.18,97.0,233.0,0.416,1.67
133,3,2016,7,0.412,0.37,0.44,0.288,0.81,4.9,64.0,165.1,0.388,1.46
134,3,2016,8,0.391,0.379,0.478,0.321,0.857,5.82,76.0,201.0,0.378,1.59
135,3,2016,9,0.609,0.369,0.453,0.3,0.822,5.99,89.0,206.0,0.432,1.62
136,3,2016,10,0.6,0.34,0.383,0.263,0.724,4.5,13.0,44.0,0.295,1.5
137,3,2017,3,0.167,0.25,0.452,0.226,0.702,6.0,8.0,9.0,0.889,1.67
138,3,2017,4,0.304,0.321,0.377,0.26,0.697,5.87,92.0,222.1,0.414,1.54
139,3,2017,5,0.6,0.319,0.412,0.25,0.731,6.24,110.0,222.0,0.495,1.73
140,3,2017,6,0.6,0.343,0.446,0.286,0.789,5.84,93.0,231.0,0.403,1.61
141,3,2017,7,0.524,0.344,0.421,0.279,0.764,4.85,68.0,195.0,0.349,1.48
142,3,2017,8,0.417,0.367,0.444,0.306,0.811,6.26,88.0,211.1,0.417,1.69
143,3,2017,9,0.333,0.343,0.468,0.291,0.81,6.36,85.0,172.2,0.494,1.75
144,3,2017,10,0.0,0.386,0.514,0.306,0.899,5.5,4.0,18.0,0.222,1.61
145,3,2018,3,0.385,0.314,0.344,0.252,0.658,6.57,28.0,63.0,0.444,1.62
146,3,2018,4,0.333,0.351,0.407,0.277,0.759,4.96,69.0,216.0,0.319,1.47
147,3,2018,5,0.6,0.36,0.457,0.303,0.818,4.75,69.0,223.2,0.309,1.52
148,3,2018,6,0.458,0.354,0.424,0.283,0.778,6.76,84.0,214.1,0.392,1.61
149,3,2018,7,0.7,0.361,0.434,0.302,0.796,3.4,57.0,201.1,0.283,1.36
150,3,2018,8,0.385,0.358,0.437,0.285,0.796,6.16,39.0,114.0,0.342,1.59
151,3,2018,9,0.522,0.345,0.427,0.275,0.773,5.28,84.0,218.0,0.385,1.42
152,3,2018,10,0.25,0.427,0.625,0.362,1.052,4.89,11.0,35.0,0.314,1.4
153,3,2019,3,0.188,0.366,0.468,0.268,0.834,5.27,29.0,70.0,0.414,1.4
154,3,2019,4,0.318,0.332,0.384,0.262,0.716,4.15,81.0,199.1,0.407,1.36
155,3,2019,5,0.577,0.34,0.393,0.27,0.733,4.29,88.0,231.0,0.381,1.41
156,3,2019,6,0.458,0.341,0.437,0.276,0.778,4.8,87.0,213.2,0.408,1.5
157,3,2019,7,0.444,0.332,0.406,0.257,0.737,4.2,71.0,165.0,0.43,1.49
158,3,2019,8,0.364,0.305,0.311,0.225,0.616,5.9,95.0,195.1,0.487,1.61
159,3,2019,9,0.348,0.306,0.368,0.235,0.674,4.3,72.0,201.0,0.358,1.39
160,3,2020,5,0.667,0.328,0.393,0.251,0.721,4.69,91.0,211.0,0.431,1.48
161,3,2020,6,0.48,0.331,0.399,0.267,0.731,3.95,88.0,219.0,0.402,1.38
162,3,2020,7,0.545,0.375,0.433,0.298,0.808,5.04,81.0,196.1,0.413,1.47
163,3,2020,8,0.435,0.322,0.367,0.26,0.689,5.26,100.0,207.0,0.483,1.54
164,3,2020,9,0.5,0.339,0.393,0.275,0.733,5.97,90.0,220.0,0.409,1.6
165,3,2020,10,0.524,0.332,0.379,0.256,0.711,3.82,92.0,219.0,0.42,1.37
166,3,2021,3,0.25,,,,,,,,,
167,3,2021,4,0.625,0.358,0.408,0.273,0.766,3.64,86.0,210.0,0.41,1.36
168,3,2021,5,0.565,0.347,0.425,0.279,0.772,5.13,90.0,203.2,0.443,1.6
169,3,2021,6,0.6,0.342,0.404,0.272,0.746,4.24,121.0,227.1,0.533,1.54
170,3,2021,7,0.714,0.357,0.455,0.289,0.811,3.19,24.0,62.0,0.387,1.29
171,3,2021,8,0.4,0.338,0.335,0.246,0.673,4.5,54.0,146.0,0.37,1.34
172,3,2021,9,0.619,0.347,0.433,0.27,0.78,4.38,86.0,230.0,0.374,1.46
173,3,2021,10,0.429,0.322,0.343,0.246,0.664,4.3,69.0,180.0,0.383,1.42
174,3,2021,11,0.5,,,,,,,,,
175,3,2022,3,0.6,,,,,,,,,
176,3,2022,4,0.4,0.306,0.331,0.239,0.637,3.84,72.0,218.0,0.33,1.37
177,3,2022,5,0.6,0.336,0.398,0.276,0.735,3.7,89.0,226.0,0.394,1.37
178,3,2022,6,0.625,0.318,0.366,0.268,0.684,4.26,35.0,95.0,0.368,1.48
179,4,2015,3,0.2,0.362,0.404,0.298,0.766,6.46,14.0,23.2,0.603,1.73
180,4,2015,4,0.565,0.356,0.384,0.259,0.74,4.24,79.0,206.0,0.383,1.38
181,4,2015,5,0.4,0.324,0.389,0.252,0.713,5.61,94.0,231.0,0.407,1.56
182,4,2015,6,0.435,0.35,0.428,0.277,0.777,3.81,66.0,205.1,0.322,1.34
183,4,2015,7,0.526,0.309,0.357,0.244,0.666,5.1,65.0,169.1,0.384,1.43
184,4,2015,8,0.44,0.322,0.386,0.266,0.707,4.52,80.0,223.0,0.359,1.4
185,4,2015,9,0.45,0.37,0.445,0.307,0.815,4.52,79.0,185.1,0.427,1.48
186,4,2015,10,0.5,0.345,0.394,0.314,0.739,3.5,13.0,36.0,0.361,1.42
187,4,2016,3,0.467,,,,,,,,,
188,4,2016,4,0.545,0.341,0.395,0.258,0.736,5.03,81.0,198.2,0.409,1.53
189,4,2016,5,0.455,0.354,0.406,0.281,0.76,5.4,100.0,205.0,0.488,1.62
190,4,2016,6,0.44,0.373,0.416,0.308,0.789,5.16,89.0,225.0,0.396,1.49
191,4,2016,7,0.364,0.373,0.429,0.291,0.803,6.26,86.0,194.0,0.443,1.62
192,4,2016,8,0.654,0.355,0.432,0.3,0.787,5.14,91.0,231.0,0.394,1.54
193,4,2016,9,0.6,0.377,0.438,0.307,0.815,3.55,69.0,190.0,0.363,1.33
194,4,2016,10,0.4,0.332,0.348,0.241,0.68,4.91,23.0,44.0,0.523,1.64
195,4,2017,3,0.455,0.206,0.226,0.129,0.432,1.0,4.0,9.0,0.444,1.0
196,4,2017,4,0.52,0.347,0.386,0.286,0.733,3.04,64.0,219.0,0.292,1.19
197,4,2017,5,0.417,0.345,0.374,0.278,0.719,3.78,66.0,212.0,0.311,1.26
198,4,2017,6,0.435,0.376,0.445,0.303,0.821,4.89,58.0,217.1,0.267,1.38
199,4,2017,7,0.526,0.358,0.462,0.295,0.82,4.81,51.0,164.2,0.311,1.31
200,4,2017,8,0.435,0.342,0.38,0.27,0.722,5.08,65.0,214.1,0.304,1.43
201,4,2017,9,0.375,0.335,0.374,0.267,0.708,4.43,63.0,225.2,0.28,1.34
202,4,2017,10,0.5,0.27,0.362,0.232,0.633,6.35,8.0,17.0,0.471,1.41
203,4,2018,3,0.429,0.325,0.394,0.261,0.719,4.45,30.0,60.2,0.498,1.53
204,4,2018,4,0.583,0.374,0.471,0.308,0.844,3.65,79.0,212.1,0.372,1.37
205,4,2018,5,0.462,0.354,0.439,0.306,0.792,5.46,64.0,227.1,0.282,1.41
206,4,2018,6,0.652,0.353,0.446,0.289,0.8,4.63,68.0,212.0,0.321,1.36
207,4,2018,7,0.5,0.356,0.463,0.299,0.819,6.35,63.0,198.1,0.318,1.58
208,4,2018,8,0.462,0.365,0.499,0.308,0.864,8.51,62.0,110.0,0.564,2.04
209,4,2018,9,0.417,0.329,0.395,0.269,0.724,5.56,80.0,212.0,0.377,1.5
210,4,2018,10,0.5,0.342,0.406,0.268,0.748,3.0,7.0,36.0,0.194,1.11
211,4,2019,3,0.692,0.299,0.314,0.21,0.612,2.43,21.0,74.0,0.284,1.0
212,4,2019,4,0.591,0.35,0.391,0.277,0.741,2.81,77.0,201.2,0.383,1.19
213,4,2019,5,0.5,0.318,0.338,0.256,0.656,4.08,83.0,225.0,0.369,1.42
214,4,2019,6,0.583,0.332,0.386,0.27,0.718,3.96,102.0,227.0,0.449,1.49
215,4,2019,7,0.5,0.327,0.383,0.261,0.71,4.78,50.0,158.0,0.316,1.38
216,4,2019,8,0.458,0.36,0.403,0.297,0.764,5.04,93.0,212.1,0.438,1.54
217,4,2019,9,0.524,0.319,0.391,0.258,0.71,3.16,73.0,185.1,0.394,1.3
218,4,2019,10,0.6,,,,,,,,,
219,4,2020,5,0.565,0.366,0.468,0.294,0.834,4.24,60.0,204.0,0.294,1.32
220,4,2020,6,0.48,0.336,0.385,0.284,0.721,4.69,104.0,226.2,0.46,1.46
221,4,2020,7,0.522,0.357,0.454,0.278,0.811,5.03,69.0,214.2,0.322,1.55
222,4,2020,8,0.542,0.356,0.462,0.282,0.818,3.96,79.0,223.0,0.354,1.24
223,4,2020,9,0.478,0.341,0.433,0.272,0.774,4.83,92.0,214.1,0.43,1.54
224,4,2020,10,0.591,0.342,0.366,0.251,0.708,3.6,89.0,210.0,0.424,1.42
225,4,2020,11,0.333,,,,,,,,,
226,4,2021,3,0.429,,,,,,,,,
227,4,2021,4,0.565,0.328,0.36,0.228,0.689,3.57,102.0,204.0,0.5,1.39
228,4,2021,5,0.458,0.364,0.41,0.267,0.774,4.06,91.0,210.2,0.433,1.36
229,4,2021,6,0.625,0.362,0.423,0.264,0.785,3.55,84.0,212.2,0.396,1.35
230,4,2021,7,0.5,0.342,0.295,0.24,0.637,3.5,11.0,36.0,0.306,1.14
231,4,2021,8,0.5,0.345,0.372,0.261,0.717,2.94,49.0,141.0,0.348,1.12
232,4,2021,9,0.381,0.328,0.36,0.253,0.688,4.37,110.0,210.0,0.524,1.42
233,4,2021,10,0.45,0.327,0.309,0.233,0.636,3.0,98.0,258.0,0.38,1.23
234,4,2021,11,0.667,,,,,,,,,
235,4,2022,3,0.636,,,,,,,,,
236,4,2022,4,0.56,0.316,0.358,0.249,0.674,3.28,89.0,225.0,0.396,1.28
237,4,2022,5,0.538,0.354,0.415,0.279,0.769,4.25,98.0,230.2,0.426,1.45
238,4,2022,6,0.286,0.36,0.414,0.263,0.774,3.82,29.0,92.0,0.315,1.32
239,5,2019,3,0.5,0.321,0.331,0.237,0.652,4.73,29.0,70.1,0.414,1.35
240,5,2019,4,0.5,0.383,0.446,0.309,0.829,4.14,64.0,215.1,0.298,1.41
241,5,2019,5,0.407,0.344,0.415,0.276,0.759,4.37,64.0,237.0,0.27,1.34
242,5,2019,6,0.76,0.346,0.409,0.273,0.755,3.42,79.0,224.0,0.353,1.3
243,5,2019,7,0.632,0.339,0.417,0.28,0.756,2.4,47.0,169.0,0.278,1.17
244,5,2019,8,0.5,0.381,0.469,0.303,0.85,4.11,55.0,223.1,0.247,1.35
245,5,2019,9,0.533,0.323,0.323,0.25,0.646,1.99,32.0,131.0,0.244,1.13
246,5,2019,10,0.583,0.29,0.314,0.229,0.604,1.0,1.0,9.0,0.111,1.11
247,5,2020,5,0.417,0.351,0.419,0.268,0.77,4.82,64.0,209.0,0.306,1.39
248,5,2020,6,0.64,0.358,0.446,0.267,0.804,3.25,51.0,224.0,0.228,1.17
249,5,2020,7,0.542,0.359,0.427,0.277,0.786,6.01,88.0,211.0,0.417,1.65
250,5,2020,8,0.538,0.365,0.413,0.285,0.778,3.56,78.0,237.1,0.329,1.26
251,5,2020,9,0.5,0.35,0.375,0.267,0.725,4.7,103.0,243.0,0.424,1.5
252,5,2020,10,0.389,0.341,0.357,0.244,0.698,4.04,62.0,156.0,0.397,1.4
253,5,2020,11,0.0,,,,,,,,,
254,5,2021,3,0.5,,,,,,,,,
255,5,2021,4,0.542,0.331,0.348,0.243,0.679,5.32,118.0,220.0,0.536,1.65
256,5,2021,5,0.478,0.379,0.43,0.285,0.809,3.53,82.0,199.0,0.412,1.4
257,5,2021,6,0.5,0.358,0.378,0.254,0.735,3.63,100.0,230.2,0.434,1.37
258,5,2021,7,0.571,0.371,0.376,0.264,0.747,4.28,20.0,61.0,0.328,1.21
259,5,2021,8,0.625,0.317,0.333,0.234,0.65,3.73,69.0,147.0,0.469,1.37
260,5,2021,9,0.571,0.344,0.382,0.265,0.726,4.92,97.0,217.2,0.447,1.59
261,5,2021,10,0.5,0.334,0.375,0.265,0.709,4.6,80.0,188.0,0.426,1.44
262,5,2021,11,1.0,,,,,,,,,
263,5,2022,3,0.385,,,,,,,,,
264,5,2022,4,0.6,0.305,0.351,0.231,0.657,3.09,73.0,227.0,0.322,1.18
265,5,2022,5,0.538,0.332,0.385,0.257,0.718,3.18,94.0,234.2,0.401,1.25
266,5,2022,6,0.571,0.358,0.347,0.253,0.705,5.28,36.0,92.0,0.391,1.45
267,5,2015,3,0.545,0.318,0.342,0.205,0.66,3.86,13.0,21.0,0.619,1.52
268,5,2015,4,0.522,0.371,0.496,0.299,0.867,4.79,84.0,203.0,0.414,1.41
269,5,2015,5,0.538,0.372,0.494,0.294,0.865,5.06,103.0,243.2,0.424,1.49
270,5,2015,6,0.476,0.374,0.465,0.289,0.839,4.33,74.0,187.0,0.396,1.42
271,5,2015,7,0.45,0.396,0.538,0.327,0.935,5.06,60.0,181.1,0.331,1.43
272,5,2015,8,0.44,0.365,0.517,0.311,0.882,5.65,96.0,220.0,0.436,1.64
273,5,2015,9,0.522,0.372,0.428,0.288,0.8,5.14,77.0,203.0,0.379,1.56
274,5,2015,10,0.5,0.273,0.391,0.217,0.664,2.33,11.0,27.0,0.407,1.48
275,5,2016,3,0.267,,,,,,,,,
276,5,2016,4,0.435,0.356,0.399,0.274,0.755,4.02,63.0,215.0,0.293,1.42
277,5,2016,5,0.52,0.346,0.427,0.28,0.773,4.58,76.0,220.0,0.345,1.48
278,5,2016,6,0.52,0.374,0.455,0.302,0.829,5.77,78.0,223.0,0.35,1.53
279,5,2016,7,0.571,0.401,0.487,0.315,0.888,5.08,73.0,193.0,0.378,1.63
280,5,2016,8,0.478,0.372,0.442,0.294,0.813,4.53,67.0,204.2,0.328,1.41
281,5,2016,9,0.476,0.372,0.462,0.306,0.833,6.09,67.0,181.2,0.37,1.6
282,5,2016,10,0.333,0.307,0.335,0.253,0.642,3.98,11.0,43.0,0.256,1.37
283,5,2017,3,0.5,0.265,0.3,0.167,0.565,1.0,3.0,9.0,0.333,0.78
284,5,2017,4,0.4,0.361,0.429,0.3,0.79,4.93,53.0,219.0,0.242,1.34
285,5,2017,5,0.583,0.359,0.41,0.291,0.769,5.02,59.0,224.0,0.263,1.42
286,5,2017,6,0.56,0.363,0.442,0.301,0.805,5.79,90.0,220.2,0.409,1.66
287,5,2017,7,0.455,0.376,0.48,0.296,0.856,4.31,54.0,192.0,0.281,1.47
288,5,2017,8,0.5,0.353,0.444,0.286,0.797,4.31,75.0,231.2,0.324,1.43
289,5,2017,9,0.389,0.323,0.413,0.262,0.735,6.32,50.0,166.2,0.301,1.57
290,5,2017,10,1.0,0.422,0.659,0.366,1.081,6.75,4.0,8.0,0.5,2.0
291,5,2018,3,0.538,0.382,0.467,0.294,0.849,4.43,21.0,67.0,0.313,1.49
292,5,2018,4,0.36,0.32,0.371,0.249,0.691,4.97,68.0,219.0,0.311,1.41
293,5,2018,5,0.44,0.365,0.491,0.305,0.856,4.48,73.0,221.0,0.33,1.42
294,5,2018,6,0.4,0.357,0.424,0.292,0.781,5.51,65.0,222.1,0.293,1.41
295,5,2018,7,0.478,0.337,0.429,0.262,0.766,5.13,64.0,207.0,0.309,1.46
296,5,2018,8,0.692,0.443,0.577,0.388,1.02,4.5,40.0,116.0,0.345,1.47
297,5,2018,9,0.652,0.327,0.418,0.261,0.745,5.55,73.0,204.1,0.358,1.48
298,5,2018,10,0.583,0.369,0.586,0.324,0.954,7.46,12.0,25.1,0.478,1.82
299,5,2018,11,0.0,,,,,,,,,
300,6,2021,3,0.5,,,,,,,,,
301,6,2021,4,0.565,0.325,0.363,0.236,0.689,5.47,117.0,204.0,0.574,1.62
302,6,2021,5,0.591,0.382,0.462,0.282,0.844,4.29,111.0,201.1,0.552,1.51
303,6,2021,6,0.478,0.36,0.451,0.257,0.81,4.62,107.0,224.0,0.478,1.47
304,6,2021,7,0.2,0.35,0.373,0.245,0.723,5.0,52.0,90.0,0.578,1.57
305,6,2021,8,0.308,0.326,0.451,0.265,0.777,5.67,53.0,128.2,0.413,1.52
306,6,2021,9,0.545,0.361,0.415,0.28,0.776,5.62,106.0,234.0,0.453,1.49
307,6,2021,10,0.412,0.354,0.413,0.248,0.768,3.47,84.0,194.2,0.433,1.43
308,6,2022,3,0.455,,,,,,,,,
309,6,2022,4,0.75,0.324,0.356,0.242,0.68,2.61,79.0,228.0,0.346,1.09
310,6,2022,5,0.56,0.345,0.404,0.265,0.749,4.16,89.0,235.2,0.378,1.28
311,6,2022,6,0.375,0.307,0.316,0.229,0.623,4.3,37.0,98.1,0.377,1.33
312,6,2015,3,0.636,0.311,0.344,0.219,0.655,4.76,9.0,17.0,0.529,1.77
313,6,2015,4,0.409,0.374,0.407,0.278,0.782,4.06,71.0,192.2,0.369,1.28
314,6,2015,5,0.5,0.337,0.371,0.252,0.708,4.28,92.0,223.0,0.413,1.36
315,6,2015,6,0.455,0.335,0.381,0.274,0.716,4.81,72.0,196.2,0.367,1.5
316,6,2015,7,0.611,0.355,0.429,0.28,0.784,4.61,62.0,175.2,0.354,1.47
317,6,2015,8,0.56,0.339,0.397,0.262,0.736,5.74,102.0,221.0,0.462,1.66
318,6,2015,9,0.615,0.359,0.484,0.295,0.843,4.82,97.0,227.2,0.427,1.49
319,6,2015,10,0.25,0.339,0.347,0.245,0.686,4.33,12.0,27.0,0.444,1.41
320,6,2016,3,0.429,,,,,,,,,
321,6,2016,4,0.6,0.338,0.397,0.267,0.734,3.49,83.0,224.1,0.37,1.24
322,6,2016,5,0.417,0.348,0.438,0.278,0.786,5.48,93.0,210.1,0.443,1.64
323,6,2016,6,0.462,0.372,0.515,0.311,0.887,4.26,86.0,228.0,0.377,1.45
324,6,2016,7,0.591,0.359,0.481,0.296,0.84,5.86,101.0,196.2,0.515,1.71
325,6,2016,8,0.48,0.354,0.432,0.291,0.786,5.52,90.0,220.0,0.409,1.56
326,6,2016,9,0.368,0.375,0.465,0.313,0.841,5.5,65.0,168.2,0.386,1.5
327,6,2016,10,0.667,0.31,0.404,0.25,0.714,3.46,9.0,26.0,0.346,1.12
328,6,2017,3,0.455,0.265,0.273,0.242,0.537,2.0,2.0,9.0,0.222,1.22
329,6,2017,4,0.52,0.336,0.482,0.267,0.818,4.6,88.0,223.0,0.395,1.49
330,6,2017,5,0.5,0.348,0.444,0.266,0.791,4.31,82.0,227.2,0.361,1.41
331,6,2017,6,0.615,0.335,0.479,0.256,0.813,4.23,78.0,229.2,0.34,1.42
332,6,2017,7,0.478,0.349,0.455,0.265,0.804,7.63,92.0,199.1,0.462,1.78
333,6,2017,8,0.64,0.339,0.449,0.286,0.788,4.92,87.0,216.0,0.403,1.57
334,6,2017,9,0.556,0.345,0.509,0.299,0.855,5.04,49.0,157.0,0.312,1.47
335,6,2017,10,1.0,0.29,0.257,0.229,0.547,2.0,3.0,9.0,0.333,1.0
336,6,2018,3,0.75,0.355,0.485,0.274,0.841,4.0,20.0,63.0,0.317,1.33
337,6,2018,4,0.696,0.373,0.518,0.292,0.891,4.15,57.0,208.0,0.274,1.34
338,6,2018,5,0.478,0.339,0.439,0.276,0.779,5.08,59.0,200.1,0.295,1.36
339,6,2018,6,0.609,0.342,0.485,0.267,0.827,4.62,66.0,208.1,0.317,1.32
340,6,2018,7,0.5,0.363,0.478,0.289,0.84,3.22,69.0,195.2,0.353,1.23
341,6,2018,8,0.462,0.391,0.495,0.302,0.886,6.89,45.0,115.0,0.391,1.79
342,6,2018,9,0.417,0.344,0.446,0.276,0.791,4.75,81.0,212.1,0.382,1.43
343,6,2018,10,0.167,0.355,0.426,0.268,0.781,6.25,28.0,72.0,0.389,1.63
344,6,2018,11,0.714,,,,,,,,,
345,6,2019,3,0.733,0.293,0.368,0.217,0.661,3.21,33.0,73.0,0.452,1.23
346,6,2019,4,0.682,0.327,0.372,0.245,0.699,3.93,69.0,213.0,0.324,1.43
347,6,2019,5,0.577,0.341,0.387,0.269,0.728,3.54,72.0,233.2,0.309,1.3
348,6,2019,6,0.64,0.369,0.424,0.299,0.794,3.32,74.0,222.0,0.333,1.22
349,6,2019,7,0.684,0.341,0.399,0.275,0.74,3.09,66.0,174.2,0.379,1.28
350,6,2019,8,0.52,0.316,0.347,0.255,0.664,3.32,68.0,216.2,0.315,1.27
351,6,2019,9,0.444,0.315,0.373,0.236,0.688,3.95,54.0,159.1,0.339,1.31
352,6,2019,10,0.0,,,,,,,,,
353,6,2020,5,0.435,0.319,0.366,0.243,0.685,4.84,93.0,204.2,0.455,1.47
354,6,2020,6,0.32,0.306,0.343,0.235,0.65,4.53,105.0,220.1,0.477,1.51
355,6,2020,7,0.458,0.335,0.401,0.257,0.736,6.7,118.0,216.1,0.546,1.72
356,6,2020,8,0.217,0.368,0.433,0.278,0.802,6.36,114.0,195.1,0.584,1.73
357,6,2020,9,0.5,0.306,0.356,0.233,0.663,6.22,136.0,225.2,0.604,1.68
358,6,2020,10,0.545,0.339,0.401,0.26,0.74,4.89,104.0,197.0,0.528,1.47
359,7,2015,3,0.615,0.329,0.313,0.269,0.642,5.63,6.0,16.0,0.375,1.56
360,7,2015,4,0.409,0.347,0.439,0.276,0.786,5.41,79.0,193.0,0.409,1.38
361,7,2015,5,0.68,0.376,0.482,0.3,0.858,3.41,92.0,235.0,0.391,1.28
362,7,2015,6,0.545,0.349,0.42,0.271,0.769,4.63,66.0,190.2,0.347,1.46
363,7,2015,7,0.421,0.357,0.461,0.293,0.817,4.84,62.0,180.1,0.344,1.41
364,7,2015,8,0.792,0.379,0.44,0.29,0.82,3.33,59.0,216.0,0.273,1.13
365,7,2015,9,0.375,0.398,0.496,0.305,0.894,4.62,63.0,210.1,0.3,1.43
366,7,2015,10,0.375,0.329,0.424,0.285,0.753,1.89,9.0,38.0,0.237,1.29
367,7,2016,3,0.438,,,,,,,,,
368,7,2016,4,0.565,0.347,0.402,0.268,0.749,3.83,64.0,202.0,0.317,1.23
369,7,2016,5,0.409,0.409,0.496,0.318,0.905,4.59,80.0,208.0,0.385,1.44
370,7,2016,6,0.545,0.373,0.459,0.288,0.832,4.72,100.0,208.0,0.481,1.55
371,7,2016,7,0.55,0.367,0.473,0.277,0.84,5.32,71.0,176.0,0.403,1.49
372,7,2016,8,0.609,0.382,0.479,0.304,0.861,4.69,89.0,201.1,0.443,1.49
373,7,2016,9,0.458,0.364,0.389,0.277,0.753,4.2,92.0,227.0,0.405,1.45
374,7,2016,10,0.462,0.386,0.457,0.32,0.843,3.66,20.0,64.0,0.312,1.08
375,7,2016,11,0.0,,,,,,,,,
376,7,2017,3,0.556,0.447,0.594,0.344,1.041,3.0,0.0,9.0,0.0,0.78
377,7,2017,4,0.708,0.337,0.423,0.271,0.761,4.04,95.0,227.0,0.419,1.31
378,7,2017,5,0.44,0.337,0.384,0.275,0.721,4.42,90.0,222.0,0.405,1.51
379,7,2017,6,0.68,0.398,0.454,0.313,0.852,4.66,75.0,222.0,0.338,1.34
380,7,2017,7,0.45,0.388,0.461,0.305,0.849,4.71,60.0,174.0,0.345,1.45
381,7,2017,8,0.37,0.342,0.432,0.275,0.773,4.54,87.0,237.2,0.367,1.44
382,7,2017,9,0.632,0.388,0.516,0.324,0.904,6.27,60.0,181.0,0.331,1.45
383,7,2017,10,0.5,0.407,0.417,0.333,0.824,5.25,3.0,12.0,0.25,1.5
384,7,2018,3,0.462,0.368,0.413,0.283,0.781,3.71,23.0,63.0,0.365,1.18
385,7,2018,4,0.333,0.281,0.337,0.229,0.619,4.68,85.0,211.1,0.403,1.55
386,7,2018,5,0.56,0.318,0.401,0.253,0.719,6.91,86.0,218.2,0.394,1.77
387,7,2018,6,0.36,0.335,0.373,0.254,0.708,5.44,90.0,216.2,0.416,1.43
388,7,2018,7,0.571,0.329,0.38,0.259,0.709,4.88,95.0,199.0,0.477,1.57
389,7,2018,8,0.462,0.364,0.551,0.307,0.916,6.09,57.0,112.1,0.508,1.54
390,7,2018,9,0.304,0.351,0.441,0.282,0.792,5.32,79.0,198.0,0.399,1.57
391,7,2018,10,0.8,0.321,0.393,0.258,0.715,7.4,22.0,45.0,0.489,1.91
392,7,2019,3,0.667,0.334,0.454,0.258,0.788,4.13,40.0,72.0,0.556,1.56
393,7,2019,4,0.545,0.358,0.462,0.298,0.82,3.68,62.0,200.2,0.31,1.34
394,7,2019,5,0.423,0.358,0.428,0.296,0.786,4.54,96.0,232.0,0.414,1.35
395,7,2019,6,0.417,0.321,0.36,0.253,0.681,5.22,94.0,207.0,0.454,1.56
396,7,2019,7,0.611,0.359,0.416,0.287,0.774,3.65,62.0,170.1,0.364,1.32
397,7,2019,8,0.417,0.342,0.404,0.265,0.747,3.81,72.0,215.0,0.335,1.31
398,7,2019,9,0.632,0.332,0.411,0.269,0.743,2.77,56.0,179.0,0.313,1.27
399,7,2019,10,0.0,0.422,0.442,0.395,0.864,5.4,1.0,8.1,0.123,1.92
400,7,2020,5,0.565,0.37,0.48,0.296,0.851,3.73,80.0,210.0,0.381,1.3
401,7,2020,6,0.625,0.361,0.486,0.29,0.848,5.61,98.0,215.0,0.456,1.47
402,7,2020,7,0.6,0.346,0.453,0.287,0.799,4.24,77.0,199.2,0.387,1.31
403,7,2020,8,0.478,0.376,0.46,0.292,0.836,5.42,83.0,206.0,0.403,1.56
404,7,2020,9,0.56,0.38,0.449,0.299,0.829,3.63,98.0,233.0,0.421,1.32
405,7,2020,10,0.435,0.359,0.446,0.281,0.806,4.94,111.0,233.0,0.476,1.55
406,7,2020,11,0.667,,,,,,,,,
407,7,2021,3,0.2,,,,,,,,,
408,7,2021,4,0.478,0.358,0.439,0.262,0.796,4.5,90.0,202.0,0.446,1.51
409,7,2021,5,0.682,0.371,0.465,0.285,0.836,4.57,109.0,202.2,0.539,1.61
410,7,2021,6,0.636,0.366,0.454,0.279,0.82,5.14,105.0,205.0,0.512,1.5
411,7,2021,7,0.2,0.32,0.356,0.235,0.676,5.08,27.0,39.0,0.692,2.0
412,7,2021,8,0.462,0.347,0.396,0.265,0.743,4.33,54.0,129.0,0.419,1.31
413,7,2021,9,0.357,0.312,0.392,0.243,0.705,4.35,90.0,240.0,0.375,1.38
414,7,2021,10,0.636,0.315,0.366,0.243,0.681,4.26,117.0,239.0,0.49,1.44
415,7,2022,3,0.417,,,,,,,,,
416,7,2022,4,0.32,0.304,0.314,0.23,0.617,4.22,90.0,221.2,0.407,1.39
417,7,2022,5,0.346,0.343,0.407,0.271,0.75,4.25,106.0,228.2,0.465,1.47
418,7,2022,6,0.714,0.299,0.368,0.234,0.667,1.99,27.0,95.0,0.284,1.01
419,8,2015,3,0.467,0.415,0.525,0.303,0.941,5.04,17.0,25.0,0.68,1.8
420,8,2015,4,0.318,0.36,0.452,0.264,0.812,4.55,65.0,194.0,0.335,1.39
421,8,2015,5,0.519,0.378,0.503,0.303,0.881,5.29,108.0,240.0,0.45,1.58
422,8,2015,6,0.429,0.31,0.383,0.242,0.693,5.98,58.0,182.0,0.319,1.65
423,8,2015,7,0.5,0.353,0.413,0.277,0.766,3.95,72.0,202.2,0.356,1.4
424,8,2015,8,0.478,0.371,0.45,0.298,0.821,6.14,70.0,200.2,0.35,1.63
425,8,2015,9,0.455,0.352,0.448,0.288,0.8,4.63,92.0,212.0,0.434,1.45
426,8,2015,10,0.667,0.296,0.41,0.24,0.706,6.48,7.0,25.0,0.28,1.56
427,8,2016,3,0.357,,,,,,,,,
428,8,2016,4,0.48,0.363,0.436,0.293,0.799,4.54,111.0,218.0,0.509,1.62
429,8,2016,5,0.542,0.38,0.439,0.292,0.819,6.52,92.0,207.0,0.444,1.67
430,8,2016,6,0.36,0.362,0.413,0.293,0.775,5.64,92.0,223.1,0.412,1.51
431,8,2016,7,0.45,0.365,0.426,0.283,0.792,6.08,93.0,177.2,0.525,1.72
432,8,2016,8,0.522,0.369,0.38,0.262,0.749,5.57,81.0,202.0,0.401,1.64
433,8,2016,9,0.524,0.396,0.447,0.311,0.843,5.48,88.0,184.0,0.478,1.67
434,8,2016,10,0.5,0.326,0.394,0.26,0.72,5.8,28.0,54.1,0.518,1.71
435,8,2017,3,0.3,0.235,0.364,0.212,0.599,5.63,4.0,8.0,0.5,1.88
436,8,2017,4,0.44,0.364,0.409,0.277,0.773,3.97,63.0,222.0,0.284,1.3
437,8,2017,5,0.5,0.371,0.461,0.301,0.832,4.68,108.0,213.1,0.507,1.57
438,8,2017,6,0.542,0.354,0.443,0.285,0.797,6.87,94.0,224.0,0.42,1.71
439,8,2017,7,0.571,0.34,0.38,0.26,0.72,3.39,78.0,199.0,0.392,1.33
440,8,2017,8,0.704,0.358,0.461,0.294,0.819,4.39,83.0,244.0,0.34,1.41
441,8,2017,9,0.684,0.356,0.442,0.3,0.798,3.86,44.0,168.0,0.262,1.17
442,8,2017,10,0.667,0.267,0.321,0.214,0.588,2.0,3.0,9.0,0.333,1.0
443,8,2018,3,0.25,0.275,0.29,0.196,0.565,5.9,32.0,58.0,0.552,1.62
444,8,2018,4,0.591,0.369,0.467,0.302,0.836,5.41,107.0,198.0,0.54,1.59
445,8,2018,5,0.583,0.341,0.438,0.282,0.779,4.61,84.0,211.0,0.398,1.52
446,8,2018,6,0.391,0.368,0.52,0.295,0.888,5.48,107.0,231.2,0.463,1.52
447,8,2018,7,0.143,0.354,0.475,0.295,0.83,5.47,64.0,186.0,0.344,1.56
448,8,2018,8,0.636,0.366,0.504,0.31,0.87,5.47,36.0,97.0,0.371,1.53
449,8,2018,9,0.591,0.37,0.486,0.294,0.856,6.39,79.0,193.0,0.409,1.54
450,8,2018,10,0.583,0.344,0.463,0.278,0.807,4.62,39.0,109.0,0.358,1.29
451,8,2019,3,0.562,0.317,0.37,0.252,0.687,6.31,39.0,71.1,0.549,1.68
452,8,2019,4,0.364,0.341,0.375,0.268,0.716,5.35,99.0,193.1,0.513,1.67
453,8,2019,5,0.333,0.347,0.383,0.274,0.73,6.31,124.0,238.1,0.521,1.75
454,8,2019,6,0.455,0.324,0.337,0.244,0.661,3.28,85.0,222.0,0.383,1.38
455,8,2019,7,0.222,0.294,0.342,0.228,0.636,5.44,63.0,154.0,0.409,1.56
456,8,2019,8,0.417,0.3,0.382,0.251,0.682,4.62,72.0,218.0,0.33,1.44
457,8,2019,9,0.211,0.272,0.307,0.219,0.579,3.71,61.0,165.0,0.37,1.35
458,8,2019,10,0.0,0.27,0.25,0.25,0.52,1.0,3.0,9.0,0.333,1.22
459,8,2020,5,0.522,0.329,0.367,0.255,0.696,4.8,91.0,208.1,0.437,1.45
460,8,2020,6,0.522,0.35,0.415,0.286,0.766,4.46,56.0,205.2,0.273,1.27
461,8,2020,7,0.409,0.357,0.416,0.282,0.773,5.18,76.0,194.2,0.391,1.54
462,8,2020,8,0.727,0.357,0.419,0.28,0.776,3.86,66.0,202.2,0.326,1.31
463,8,2020,9,0.407,0.368,0.384,0.28,0.751,5.02,82.0,238.1,0.344,1.48
464,8,2020,10,0.423,0.357,0.447,0.271,0.805,4.51,76.0,227.2,0.335,1.4
465,8,2021,3,0.5,,,,,,,,,
466,8,2021,4,0.391,0.371,0.397,0.275,0.768,5.15,108.0,206.1,0.524,1.55
467,8,2021,5,0.286,0.341,0.383,0.262,0.724,6.24,98.0,194.2,0.505,1.67
468,8,2021,6,0.5,0.378,0.451,0.301,0.829,5.27,110.0,229.0,0.48,1.5
469,8,2021,7,0.571,0.332,0.331,0.262,0.663,6.97,35.0,62.0,0.565,1.69
470,8,2021,8,0.643,0.331,0.339,0.241,0.67,4.03,69.0,138.1,0.5,1.42
471,8,2021,9,0.615,0.362,0.403,0.286,0.766,5.73,127.0,235.2,0.54,1.7
472,8,2021,10,0.579,0.346,0.413,0.291,0.759,4.96,111.0,205.0,0.541,1.47
473,8,2022,3,0.636,,,,,,,,,
474,8,2022,4,0.609,0.323,0.375,0.265,0.698,3.0,84.0,219.1,0.383,1.27
475,8,2022,5,0.462,0.301,0.361,0.242,0.662,4.83,88.0,227.1,0.387,1.47
476,8,2022,6,0.429,0.317,0.355,0.26,0.672,4.5,36.0,96.0,0.375,1.32
477,9,2015,3,0.615,0.38,0.55,0.283,0.93,3.5,7.0,18.0,0.389,1.61
478,9,2015,4,0.522,0.332,0.358,0.25,0.69,4.77,105.0,209.1,0.502,1.54
479,9,2015,5,0.36,0.347,0.405,0.267,0.752,4.46,100.0,218.0,0.459,1.48
480,9,2015,6,0.6,0.301,0.381,0.237,0.683,4.32,68.0,175.0,0.389,1.38
481,9,2015,7,0.591,0.337,0.439,0.267,0.776,5.09,93.0,196.1,0.474,1.67
482,9,2015,8,0.5,0.313,0.363,0.236,0.676,4.92,74.0,210.1,0.352,1.47
483,9,2015,9,0.522,0.322,0.411,0.249,0.733,5.24,93.0,201.0,0.463,1.53
484,9,2015,10,0.2,0.296,0.307,0.217,0.603,5.2,32.0,45.0,0.711,1.87
485,9,2016,3,0.5,,,,,,,,,
486,9,2016,4,0.318,0.347,0.428,0.273,0.775,4.27,90.0,194.0,0.464,1.55
487,9,2016,5,0.625,0.378,0.48,0.3,0.858,5.24,105.0,221.2,0.475,1.62
488,9,2016,6,0.56,0.349,0.438,0.274,0.787,5.37,87.0,223.0,0.39,1.61
489,9,2016,7,0.522,0.383,0.48,0.312,0.862,4.64,92.0,205.2,0.448,1.54
490,9,2016,8,0.417,0.361,0.467,0.292,0.828,5.96,102.0,213.0,0.479,1.71
491,9,2016,9,0.5,0.316,0.42,0.258,0.735,4.68,68.0,173.0,0.393,1.49
492,9,2016,10,0.571,0.372,0.405,0.282,0.777,3.35,17.0,45.2,0.376,1.29
493,9,2017,3,0.583,0.357,0.559,0.206,0.916,2.0,1.0,9.0,0.111,0.89
494,9,2017,4,0.68,0.344,0.395,0.281,0.738,4.74,64.0,224.0,0.286,1.52
495,9,2017,5,0.538,0.367,0.449,0.288,0.816,4.12,73.0,238.0,0.307,1.44
496,9,2017,6,0.333,0.407,0.529,0.341,0.936,5.28,92.0,211.1,0.436,1.6
497,9,2017,7,0.5,0.383,0.53,0.316,0.912,4.76,85.0,191.0,0.445,1.46
498,9,2017,8,0.476,0.366,0.457,0.296,0.823,5.49,62.0,183.2,0.338,1.61
499,9,2017,9,0.478,0.357,0.456,0.3,0.813,4.48,52.0,207.0,0.251,1.43
500,9,2017,10,0.625,0.342,0.456,0.262,0.798,7.62,5.0,26.0,0.192,1.96
501,9,2018,3,0.583,0.39,0.541,0.314,0.931,3.05,15.0,62.0,0.242,1.21
502,9,2018,4,0.476,0.349,0.442,0.289,0.79,5.55,61.0,181.2,0.337,1.51
503,9,2018,5,0.462,0.378,0.487,0.313,0.864,4.73,76.0,230.1,0.33,1.48
504,9,2018,6,0.455,0.344,0.423,0.271,0.767,5.84,70.0,194.1,0.361,1.6
505,9,2018,7,0.273,0.347,0.412,0.278,0.759,5.33,67.0,192.2,0.349,1.52
506,9,2018,8,0.333,0.424,0.584,0.352,1.008,7.09,30.0,106.2,0.282,1.67
507,9,2018,9,0.522,0.389,0.435,0.294,0.824,5.43,82.0,202.1,0.406,1.58
508,9,2018,10,0.5,0.333,0.405,0.268,0.738,5.9,44.0,100.2,0.439,1.64
509,9,2019,3,0.538,0.33,0.343,0.234,0.674,5.53,34.0,70.0,0.486,1.69
510,9,2019,4,0.619,0.337,0.389,0.267,0.726,6.55,113.0,195.0,0.579,1.75
511,9,2019,5,0.519,0.336,0.384,0.269,0.719,3.77,77.0,238.2,0.323,1.37
512,9,2019,6,0.32,0.351,0.368,0.27,0.72,4.78,80.0,216.2,0.37,1.51
513,9,2019,7,0.562,0.354,0.376,0.264,0.73,4.26,55.0,141.2,0.39,1.36
514,9,2019,8,0.48,0.334,0.37,0.267,0.704,4.32,90.0,231.0,0.39,1.39
515,9,2019,9,0.55,0.307,0.333,0.253,0.64,4.0,55.0,171.0,0.322,1.41
516,9,2020,5,0.542,0.352,0.411,0.276,0.763,4.42,69.0,213.2,0.324,1.35
517,9,2020,6,0.619,0.336,0.417,0.266,0.752,3.85,57.0,177.2,0.322,1.26
518,9,2020,7,0.478,0.367,0.423,0.288,0.79,4.23,86.0,206.1,0.417,1.44
519,9,2020,8,0.52,0.339,0.376,0.258,0.715,6.44,117.0,216.2,0.541,1.81
520,9,2020,9,0.542,0.367,0.422,0.287,0.789,5.02,92.0,215.0,0.428,1.49
521,9,2020,10,0.519,0.345,0.382,0.271,0.727,6.45,138.0,240.0,0.575,1.81
522,9,2021,3,0.571,,,,,,,,,
523,9,2021,4,0.522,0.338,0.313,0.243,0.65,4.53,122.0,214.2,0.57,1.49
524,9,2021,5,0.455,0.367,0.364,0.275,0.73,6.19,109.0,192.0,0.568,1.73
525,9,2021,6,0.304,0.31,0.296,0.22,0.606,6.22,118.0,195.1,0.605,1.69
526,9,2021,7,0.833,0.362,0.453,0.294,0.815,2.09,23.0,56.0,0.411,1.18
527,9,2021,8,0.6,0.339,0.343,0.228,0.682,5.41,53.0,123.0,0.431,1.39
528,9,2021,9,0.385,0.321,0.33,0.236,0.651,4.58,97.0,240.0,0.404,1.46
529,9,2021,10,0.708,0.345,0.341,0.264,0.686,3.96,100.0,248.0,0.403,1.36
530,9,2022,3,0.636,,,,,,,,,
531,9,2022,4,0.375,0.34,0.369,0.261,0.71,3.49,74.0,209.0,0.354,1.25
532,9,2022,5,0.615,0.371,0.447,0.284,0.818,4.11,74.0,232.0,0.319,1.38
533,9,2022,6,0.714,0.319,0.405,0.251,0.723,5.04,40.0,91.0,0.44,1.43
534,10,2015,3,0.429,0.385,0.351,0.257,0.736,3.54,10.0,20.1,0.498,1.23
535,10,2015,4,0.636,0.343,0.389,0.259,0.732,5.06,102.0,195.2,0.523,1.54
536,10,2015,5,0.481,0.352,0.398,0.257,0.75,5.47,131.0,237.0,0.553,1.69
537,10,2015,6,0.636,0.361,0.434,0.277,0.795,3.67,87.0,196.1,0.444,1.36
538,10,2015,7,0.45,0.366,0.366,0.275,0.733,5.53,88.0,179.0,0.492,1.56
539,10,2015,8,0.28,0.369,0.407,0.277,0.776,4.96,107.0,219.2,0.488,1.53
540,10,2015,9,0.565,0.367,0.445,0.286,0.813,6.31,115.0,206.2,0.558,1.73
541,10,2015,10,0.333,0.336,0.301,0.252,0.637,3.24,8.0,25.0,0.32,1.2
542,10,2016,3,0.438,,,,,,,,,
543,10,2016,4,0.348,0.337,0.366,0.263,0.704,5.7,129.0,207.0,0.623,1.69
544,10,2016,5,0.5,0.369,0.444,0.289,0.812,7.42,134.0,218.1,0.614,1.93
545,10,2016,6,0.652,0.348,0.442,0.285,0.79,4.76,96.0,221.0,0.434,1.52
546,10,2016,7,0.45,0.39,0.485,0.308,0.875,4.93,78.0,191.2,0.408,1.49
547,10,2016,8,0.625,0.36,0.428,0.3,0.788,6.3,90.0,210.0,0.429,1.63
548,10,2016,9,0.478,0.357,0.402,0.282,0.759,5.72,93.0,207.2,0.449,1.75
549,10,2016,10,0.5,0.409,0.523,0.336,0.933,3.89,14.0,37.0,0.378,1.49
550,10,2017,3,0.727,0.219,0.138,0.138,0.357,1.13,2.0,8.0,0.25,0.75
551,10,2017,4,0.48,0.333,0.385,0.276,0.718,4.53,83.0,224.1,0.37,1.39
552,10,2017,5,0.52,0.365,0.415,0.292,0.78,4.6,90.0,221.0,0.407,1.53
553,10,2017,6,0.292,0.37,0.501,0.307,0.871,5.96,81.0,222.0,0.365,1.57
554,10,2017,7,0.45,0.341,0.475,0.289,0.816,7.56,57.0,172.2,0.331,1.76
555,10,2017,8,0.478,0.363,0.443,0.297,0.806,4.14,63.0,202.0,0.312,1.36
556,10,2017,9,0.522,0.335,0.407,0.267,0.742,5.52,61.0,202.0,0.302,1.51
557,10,2017,10,0.0,0.319,0.437,0.276,0.756,5.57,9.0,21.0,0.429,1.67
558,10,2018,3,0.385,0.337,0.398,0.275,0.735,5.1,23.0,60.0,0.383,1.38
559,10,2018,4,0.455,0.346,0.412,0.279,0.758,4.96,76.0,194.0,0.392,1.51
560,10,2018,5,0.6,0.333,0.408,0.271,0.741,3.86,60.0,226.0,0.265,1.32
561,10,2018,6,0.615,0.339,0.432,0.268,0.771,4.6,81.0,231.0,0.351,1.46
562,10,2018,7,0.5,0.344,0.407,0.288,0.751,5.06,73.0,192.0,0.38,1.43
563,10,2018,8,0.583,0.353,0.421,0.268,0.774,6.2,41.0,106.0,0.387,1.58
564,10,2018,9,0.625,0.339,0.449,0.277,0.788,5.32,88.0,213.0,0.413,1.52
565,10,2018,10,0.2,0.336,0.455,0.272,0.792,6.58,30.0,52.0,0.577,1.73
566,10,2019,3,0.438,0.395,0.464,0.297,0.859,4.96,39.0,69.0,0.565,1.52
567,10,2019,4,0.429,0.324,0.365,0.252,0.689,5.31,68.0,183.0,0.372,1.61
568,10,2019,5,0.407,0.309,0.354,0.241,0.663,4.26,103.0,238.2,0.432,1.48
569,10,2019,6,0.375,0.33,0.348,0.248,0.678,4.72,85.0,215.2,0.395,1.5
570,10,2019,7,0.316,0.306,0.369,0.253,0.675,6.49,72.0,165.0,0.436,1.62
571,10,2019,8,0.583,0.314,0.353,0.261,0.668,5.21,88.0,209.0,0.421,1.64
572,10,2019,9,0.571,0.333,0.351,0.269,0.684,3.2,71.0,188.1,0.377,1.31
573,10,2020,5,0.375,0.308,0.348,0.242,0.656,5.26,92.0,207.0,0.444,1.58
574,10,2020,6,0.417,0.311,0.326,0.239,0.637,6.48,102.0,209.2,0.488,1.78
575,10,2020,7,0.292,0.313,0.308,0.229,0.621,4.64,106.0,221.1,0.479,1.51
576,10,2020,8,0.429,0.326,0.33,0.235,0.656,5.47,93.0,184.1,0.505,1.6
577,10,2020,9,0.44,0.332,0.367,0.262,0.7,4.26,109.0,232.2,0.469,1.42
578,10,2020,10,0.391,0.329,0.347,0.256,0.676,5.83,107.0,210.0,0.51,1.66
579,10,2021,3,0.857,,,,,,,,,
580,10,2021,4,0.304,0.33,0.339,0.239,0.67,4.55,120.0,200.0,0.6,1.5
581,10,2021,5,0.391,0.333,0.327,0.236,0.66,5.01,130.0,203.0,0.64,1.58
582,10,2021,6,0.36,0.332,0.37,0.235,0.702,4.96,122.0,216.0,0.565,1.59
583,10,2021,7,0.5,0.312,0.293,0.219,0.605,4.52,43.0,71.2,0.604,1.48
584,10,2021,8,0.571,0.331,0.331,0.231,0.662,4.33,72.0,158.0,0.456,1.46
585,10,2021,9,0.286,0.361,0.373,0.263,0.734,4.92,104.0,225.0,0.462,1.38
586,10,2021,10,0.278,0.318,0.31,0.219,0.628,4.18,82.0,185.0,0.443,1.47
587,10,2022,3,0.5,,,,,,,,,
588,10,2022,4,0.36,0.309,0.309,0.225,0.618,4.0,92.0,216.0,0.426,1.4
589,10,2022,5,0.577,0.318,0.387,0.251,0.705,6.51,96.0,228.0,0.421,1.67
590,10,2022,6,0.375,0.333,0.381,0.264,0.714,5.32,46.0,88.0,0.523,1.49
