,name,year,month,bat_avg,at_bat,steerman,score,safety,stroke2,stroke3,homer,ruta,RBI,theft,dormitory,walk,dune,high4,fan,disease,heeta,happiness,on_base,long_hit,OPS
0,3,2015,3,.319,125,113,17,36,8,0,3,53,17,8,1,10,1,0,15,1,1,0,.379,.469,.848
1,8,2015,3,.303,119,99,24,30,7,0,5,52,23,4,2,17,2,1,28,1,1,0,.415,.525,.941
2,4,2015,3,.298,106,94,8,28,8,1,0,38,8,3,3,10,0,0,17,2,1,1,.362,.404,.766
3,2,2015,3,.297,72,64,13,19,0,1,4,33,13,1,0,6,0,1,5,2,0,2,.347,.516,.863
4,1,2015,3,.284,125,102,19,29,7,0,2,42,18,2,3,19,2,2,22,3,1,1,.403,.412,.815
5,9,2015,3,.283,73,60,10,17,2,1,4,33,10,2,0,9,1,0,7,1,2,1,.380,.550,.930
6,7,2015,3,.269,76,67,5,18,3,0,0,21,5,2,2,6,1,0,9,1,0,2,.329,.313,.642
7,10,2015,3,.257,95,74,9,19,4,0,1,26,9,6,2,13,3,0,16,1,4,1,.385,.351,.736
8,6,2015,3,.219,76,64,8,14,3,1,1,22,8,1,1,9,0,0,13,1,2,1,.311,.344,.655
9,5,2015,3,.205,85,73,8,15,4,0,2,25,8,2,0,10,2,0,14,1,0,0,.318,.342,.660
10,5,2015,4,.299,920,804,151,240,59,2,32,399,146,7,10,81,16,1,193,16,12,7,.371,.496,.867
11,2,2015,4,.281,892,773,127,217,46,6,23,344,122,18,14,91,11,5,138,21,7,10,.361,.445,.806
12,6,2015,4,.278,873,737,120,205,36,1,19,300,115,15,8,103,14,2,172,19,13,6,.374,.407,.782
13,7,2015,4,.276,863,757,129,209,40,4,25,332,121,31,4,66,21,5,163,11,11,8,.347,.439,.786
14,3,2015,4,.271,889,765,123,207,35,4,36,358,118,29,12,95,9,6,149,16,9,11,.353,.468,.821
15,8,2015,4,.264,850,721,123,190,33,5,31,326,119,19,7,97,15,0,192,22,10,7,.360,.452,.812
16,10,2015,4,.259,848,717,99,186,31,4,18,279,93,14,11,79,16,4,159,15,28,8,.343,.389,.732
17,4,2015,4,.259,900,757,110,196,33,1,20,291,97,21,9,102,15,4,178,20,20,6,.356,.384,.740
18,9,2015,4,.250,911,797,104,199,33,1,17,285,96,11,8,90,10,3,193,17,11,3,.332,.358,.690
19,1,2015,4,.208,825,730,48,152,31,4,8,215,43,22,6,74,10,1,201,16,10,1,.290,.295,.584
20,8,2015,5,.303,1092,954,166,289,53,3,44,480,160,33,7,103,15,3,231,30,14,6,.378,.503,.881
21,7,2015,5,.300,1047,908,164,272,59,4,33,438,155,46,16,101,16,4,204,16,12,10,.376,.482,.858
22,5,2015,5,.294,1089,958,169,282,55,2,44,473,161,18,8,104,16,6,231,25,7,4,.372,.494,.865
23,3,2015,5,.287,1008,856,145,246,36,4,28,374,142,25,7,114,14,3,153,22,11,13,.375,.437,.812
24,2,2015,5,.277,921,775,122,215,42,3,18,317,113,17,6,98,19,3,137,22,18,11,.368,.409,.777
25,9,2015,5,.267,956,829,125,221,45,5,20,336,118,26,11,84,21,4,197,16,16,6,.347,.405,.752
26,1,2015,5,.263,1048,904,113,238,39,3,13,322,109,33,18,96,16,7,207,20,23,9,.342,.356,.698
27,10,2015,5,.257,1055,882,142,227,45,2,25,351,127,12,8,113,21,8,196,20,30,9,.352,.398,.750
28,6,2015,5,.252,965,840,100,212,29,4,21,312,92,23,8,87,22,3,180,21,11,5,.337,.371,.708
29,4,2015,5,.252,1013,888,120,224,49,6,20,345,112,16,8,84,15,4,233,16,16,10,.324,.389,.713
30,3,2015,6,.312,836,750,123,234,40,6,27,367,117,15,9,63,7,1,157,19,7,9,.367,.489,.856
31,2,2015,6,.301,911,798,131,240,43,1,18,339,126,24,8,71,19,1,117,23,12,11,.367,.425,.792
32,1,2015,6,.290,913,811,130,235,40,1,31,370,124,18,6,76,8,2,174,10,10,8,.353,.456,.810
33,5,2015,6,.289,853,737,132,213,38,1,30,343,122,12,7,95,8,2,155,18,7,6,.374,.465,.839
34,10,2015,6,.277,867,746,111,207,39,3,24,324,103,15,9,82,16,5,180,17,21,2,.361,.434,.795
35,4,2015,6,.277,903,795,115,220,46,4,22,340,107,21,11,78,14,3,180,13,11,5,.350,.428,.777
36,6,2015,6,.274,866,774,104,212,27,1,18,295,94,13,10,62,10,1,153,10,19,1,.335,.381,.716
37,7,2015,6,.271,846,738,113,200,39,7,19,310,104,32,7,85,8,4,148,14,6,8,.349,.420,.769
38,8,2015,6,.242,778,697,79,169,28,2,22,267,73,9,7,60,10,2,176,18,7,4,.310,.383,.693
39,9,2015,6,.237,720,645,80,153,35,2,18,246,75,19,5,45,16,0,144,13,10,4,.301,.381,.683
40,5,2015,7,.327,846,730,140,239,53,4,31,393,129,16,10,80,12,4,149,13,11,13,.396,.538,.935
41,3,2015,7,.325,859,750,158,244,51,3,22,367,149,18,7,70,12,4,114,14,17,10,.387,.489,.877
42,1,2015,7,.297,694,610,92,181,30,4,17,270,88,15,5,62,6,1,130,16,11,5,.365,.443,.807
43,2,2015,7,.295,839,725,121,214,31,2,27,330,115,15,6,82,14,7,101,22,10,8,.374,.455,.829
44,7,2015,7,.293,801,710,116,208,47,3,22,327,112,33,8,56,17,4,146,15,13,5,.357,.461,.817
45,6,2015,7,.280,749,646,83,181,32,2,20,277,82,7,13,64,12,4,144,14,25,2,.355,.429,.784
46,8,2015,7,.277,883,770,111,213,33,3,22,318,99,20,8,83,11,8,172,24,14,5,.353,.413,.766
47,10,2015,7,.275,809,680,107,187,27,4,9,249,100,12,2,81,21,3,161,16,20,7,.366,.366,.733
48,9,2015,7,.267,857,756,111,202,32,4,30,332,104,19,7,70,13,2,170,18,10,8,.337,.439,.776
49,4,2015,7,.244,731,655,73,160,23,3,15,234,68,12,8,53,11,4,138,12,6,6,.309,.357,.666
50,1,2015,8,.311,1003,884,169,275,43,3,39,441,159,14,9,90,10,2,169,26,11,8,.378,.499,.877
51,5,2015,8,.311,1006,888,163,276,54,9,37,459,154,16,4,70,17,1,172,23,12,19,.365,.517,.882
52,3,2015,8,.304,997,854,163,260,45,5,25,390,154,37,8,114,13,3,176,15,13,3,.393,.457,.850
53,8,2015,8,.298,916,805,125,240,52,2,22,362,122,9,10,86,9,3,194,22,14,2,.371,.450,.821
54,7,2015,8,.290,953,806,129,234,47,4,22,355,122,34,14,100,20,4,156,20,19,8,.379,.440,.820
55,2,2015,8,.290,957,825,127,239,36,5,20,345,121,15,5,91,18,3,153,18,13,9,.369,.418,.787
56,10,2015,8,.277,1008,862,107,239,39,2,23,351,101,17,6,104,22,9,199,20,19,1,.369,.407,.776
57,4,2015,8,.266,953,866,101,230,43,2,19,334,91,18,11,61,11,3,166,19,14,1,.322,.386,.707
58,6,2015,8,.262,947,828,116,217,37,0,25,329,110,16,11,80,18,3,171,20,17,4,.339,.397,.736
59,9,2015,8,.236,890,780,101,184,34,4,19,283,94,20,10,70,20,4,199,14,15,5,.313,.363,.676
60,3,2015,9,.311,959,829,156,258,39,2,35,406,144,21,8,98,9,2,147,17,13,10,.386,.490,.876
61,4,2015,9,.307,843,749,112,230,42,5,17,333,105,20,9,68,12,0,146,13,5,9,.370,.445,.815
62,7,2015,9,.305,973,830,167,253,39,3,38,412,163,22,8,112,21,3,166,23,2,8,.398,.496,.894
63,2,2015,9,.297,1002,869,145,258,48,4,26,392,139,15,7,100,16,3,147,28,11,6,.377,.451,.829
64,6,2015,9,.295,1000,874,155,258,49,1,38,423,148,18,7,74,19,0,191,24,23,10,.359,.484,.843
65,5,2015,9,.288,913,787,127,227,37,2,23,337,121,27,7,98,10,3,161,15,12,6,.372,.428,.800
66,8,2015,9,.288,934,826,123,238,46,4,26,370,119,9,9,79,5,4,172,16,20,4,.352,.448,.800
67,10,2015,9,.286,915,788,132,225,28,4,30,351,125,2,9,98,8,4,191,21,14,7,.367,.445,.813
68,1,2015,9,.266,832,737,86,196,26,0,15,267,80,16,4,79,4,6,177,25,7,4,.339,.362,.701
69,9,2015,9,.249,859,744,102,185,36,5,25,306,91,14,7,69,18,2,168,24,13,15,.322,.411,.733
70,4,2015,10,.314,150,137,14,43,8,0,1,54,13,2,3,6,2,0,18,3,2,3,.345,.394,.739
71,3,2015,10,.294,130,102,12,30,5,1,0,37,9,4,0,17,5,2,19,5,5,1,.416,.363,.779
72,7,2015,10,.285,168,151,21,43,9,3,2,64,20,4,1,10,2,0,31,5,1,4,.329,.424,.753
73,2,2015,10,.266,165,128,21,34,8,0,4,54,21,6,1,28,2,1,22,3,4,3,.398,.422,.819
74,1,2015,10,.255,165,149,13,38,5,0,4,55,12,4,1,11,2,0,32,2,2,1,.313,.369,.682
75,10,2015,10,.252,119,103,10,26,5,0,0,31,9,2,0,11,2,0,33,2,3,0,.336,.301,.637
76,6,2015,10,.245,112,98,7,24,1,0,3,34,7,1,0,11,3,0,23,4,0,0,.339,.347,.686
77,8,2015,10,.240,108,100,14,24,2,0,5,41,12,1,0,7,1,1,21,3,0,0,.296,.410,.706
78,5,2015,10,.217,99,92,14,20,4,0,4,36,14,2,1,6,1,1,23,1,0,0,.273,.391,.664
79,9,2015,10,.217,188,166,15,36,6,0,3,51,14,4,2,17,2,1,48,2,2,1,.296,.307,.603
80,8,2016,4,.293,975,858,129,251,42,6,23,374,123,23,12,91,9,3,185,19,8,9,.363,.436,.799
81,2,2016,4,.285,955,807,137,230,44,2,22,344,124,15,11,104,23,1,147,22,13,8,.379,.426,.805
82,5,2016,4,.274,945,824,115,226,37,9,16,329,107,23,15,93,15,4,192,18,6,7,.356,.399,.755
83,3,2016,4,.273,909,787,116,215,32,4,18,309,102,17,10,89,12,2,134,24,15,6,.354,.393,.746
84,9,2016,4,.273,867,769,107,210,43,5,22,329,103,15,9,78,11,1,176,16,5,4,.347,.428,.775
85,7,2016,4,.268,885,771,108,207,38,1,21,310,102,12,10,84,12,4,168,18,11,6,.347,.402,.749
86,6,2016,4,.267,949,832,113,222,37,1,23,330,106,21,11,75,19,4,165,17,13,10,.338,.397,.734
87,1,2016,4,.264,967,847,119,224,35,1,24,333,115,21,12,93,9,1,164,23,10,8,.341,.393,.734
88,10,2016,4,.263,912,797,88,210,36,2,14,292,82,8,5,76,15,5,181,22,20,4,.337,.366,.704
89,4,2016,4,.258,884,770,110,199,23,2,26,304,104,15,12,89,11,5,182,8,8,6,.341,.395,.736
90,2,2016,5,.330,1033,906,189,299,59,6,39,487,180,15,6,101,13,2,144,29,2,11,.401,.538,.938
91,7,2016,5,.318,987,829,169,264,42,6,31,411,161,17,7,114,19,2,150,22,17,8,.409,.496,.905
92,3,2016,5,.304,1071,912,157,277,47,9,24,414,148,21,10,115,17,4,149,22,15,12,.387,.454,.841
93,9,2016,5,.300,998,861,149,258,52,8,29,413,135,24,7,95,19,3,164,22,14,9,.378,.480,.858
94,1,2016,5,.296,979,857,137,254,35,1,24,363,133,17,5,98,6,1,165,27,12,6,.370,.424,.794
95,8,2016,5,.292,966,829,134,242,40,5,24,364,125,19,8,107,15,2,167,25,8,7,.380,.439,.819
96,10,2016,5,.289,1010,879,150,254,47,4,27,390,144,17,5,102,12,5,170,21,12,5,.369,.444,.812
97,4,2016,5,.281,904,790,122,222,43,7,14,321,115,21,18,78,16,1,150,13,11,9,.354,.406,.760
98,5,2016,5,.280,958,853,132,239,36,10,23,364,123,21,12,84,5,2,176,21,10,6,.346,.427,.773
99,6,2016,5,.278,942,819,122,228,30,1,33,359,115,8,10,80,14,0,164,17,17,12,.348,.438,.786
100,6,2016,6,.311,1033,930,157,289,49,9,41,479,154,16,15,76,17,3,177,21,5,5,.372,.515,.887
101,4,2016,6,.308,1026,908,133,280,37,5,17,378,126,24,6,85,13,0,169,18,13,7,.373,.416,.789
102,5,2016,6,.302,1000,881,156,266,49,7,24,401,147,30,8,94,12,2,159,26,5,8,.374,.455,.829
103,8,2016,6,.293,1016,895,144,262,55,1,17,370,137,25,11,95,7,3,182,22,10,9,.362,.413,.775
104,7,2016,6,.288,958,825,150,238,37,4,32,379,146,11,4,107,10,2,173,19,5,11,.373,.459,.832
105,2,2016,6,.285,1008,874,151,249,42,3,25,372,138,17,5,100,11,2,154,14,12,11,.361,.426,.787
106,10,2016,6,.285,965,860,120,245,35,5,30,380,120,12,10,73,14,3,183,19,11,7,.348,.442,.790
107,3,2016,6,.277,1058,922,134,255,56,4,24,391,122,22,11,90,16,3,161,21,22,8,.349,.424,.773
108,9,2016,6,.274,989,868,148,238,41,7,29,380,134,13,8,85,18,2,172,16,12,6,.349,.438,.787
109,1,2016,6,.258,938,827,112,213,32,3,19,308,103,21,8,81,11,1,155,18,11,8,.329,.372,.701
110,5,2016,7,.315,878,742,151,234,42,5,25,361,138,27,14,105,11,4,108,16,6,14,.401,.487,.888
111,9,2016,7,.312,961,836,148,261,46,2,30,401,142,16,5,89,13,1,168,18,12,11,.383,.480,.862
112,10,2016,7,.308,877,750,155,231,43,9,24,364,151,11,8,96,11,0,120,20,10,10,.390,.485,.875
113,6,2016,7,.296,883,783,115,232,42,2,33,377,109,16,6,68,14,3,156,19,8,10,.359,.481,.840
114,4,2016,7,.291,905,780,138,227,43,4,19,335,126,23,11,93,14,2,139,12,10,8,.373,.429,.803
115,3,2016,7,.288,750,636,110,183,23,4,22,280,103,14,7,80,10,3,104,14,12,12,.370,.440,.810
116,2,2016,7,.286,836,737,116,211,36,5,24,329,106,13,8,75,9,0,119,14,5,10,.355,.446,.801
117,8,2016,7,.283,821,713,118,202,35,5,19,304,109,25,9,80,15,1,156,11,7,5,.365,.426,.792
118,7,2016,7,.277,790,664,125,184,34,3,30,314,113,16,2,86,15,3,121,19,13,11,.367,.473,.840
119,1,2016,7,.268,757,667,86,179,26,0,14,247,83,13,10,69,5,0,109,17,10,6,.339,.370,.709
120,3,2016,8,.321,934,835,170,268,56,6,21,399,160,16,8,71,11,0,135,18,10,7,.379,.478,.857
121,7,2016,8,.304,943,818,153,249,43,2,32,392,150,18,5,90,17,1,173,16,10,8,.382,.479,.861
122,2,2016,8,.302,995,848,191,256,44,6,39,429,181,14,7,105,19,3,152,19,6,17,.384,.506,.890
123,10,2016,8,.300,962,866,153,260,38,5,21,371,140,12,4,71,12,0,159,22,9,4,.360,.428,.788
124,4,2016,8,.300,1028,921,144,276,43,5,23,398,137,23,11,79,7,2,165,19,9,12,.355,.432,.787
125,5,2016,8,.294,896,779,117,229,40,3,23,344,110,28,14,96,6,3,134,20,5,10,.372,.442,.813
126,9,2016,8,.292,949,840,138,245,40,1,35,392,133,21,10,76,19,3,164,17,8,6,.361,.467,.828
127,6,2016,8,.291,987,874,125,254,43,3,25,378,115,17,9,69,20,3,205,11,17,7,.354,.432,.786
128,1,2016,8,.275,893,804,91,221,35,3,12,298,87,11,3,66,8,1,160,18,11,4,.335,.371,.705
129,8,2016,8,.262,922,771,103,202,40,0,17,293,94,36,12,119,15,6,170,18,11,6,.369,.380,.749
130,6,2016,9,.313,765,681,107,213,31,2,23,317,104,9,9,53,17,0,122,17,11,3,.375,.465,.841
131,8,2016,9,.311,853,727,124,226,33,3,20,325,119,12,11,87,18,3,148,20,17,4,.396,.447,.843
132,4,2016,9,.307,830,724,120,222,44,3,15,317,117,11,10,79,8,0,143,15,10,9,.377,.438,.815
133,5,2016,9,.306,836,741,122,227,45,5,20,342,120,20,16,72,11,2,145,17,2,10,.372,.462,.833
134,3,2016,9,.300,950,834,145,250,27,7,29,378,139,11,2,89,7,2,141,17,11,9,.369,.453,.822
135,2,2016,9,.296,885,758,129,224,50,3,30,370,127,11,8,102,9,3,148,21,5,11,.381,.488,.869
136,1,2016,9,.293,895,792,105,232,41,3,22,345,100,11,8,76,9,2,142,22,9,9,.358,.436,.793
137,10,2016,9,.282,936,808,133,228,32,1,21,325,125,3,6,76,23,6,180,12,20,9,.357,.402,.759
138,7,2016,9,.277,989,853,114,236,39,3,17,332,100,15,6,104,15,6,191,34,13,4,.364,.389,.753
139,9,2016,9,.258,738,662,89,171,33,4,22,278,85,8,5,54,5,2,125,16,9,8,.316,.420,.735
140,10,2016,10,.336,176,149,27,50,11,1,5,78,25,1,0,16,4,0,32,7,5,2,.409,.523,.933
141,7,2016,10,.320,281,247,38,79,16,0,6,113,36,10,7,24,5,0,47,5,1,4,.386,.457,.843
142,2,2016,10,.307,129,114,22,35,9,0,4,56,21,0,0,13,2,0,20,2,0,0,.388,.491,.879
143,9,2016,10,.282,194,163,24,46,9,1,3,66,22,4,6,22,2,0,28,4,6,1,.372,.405,.777
144,1,2016,10,.272,191,169,22,46,10,0,1,59,18,2,0,16,0,1,38,5,2,4,.328,.349,.677
145,3,2016,10,.263,191,167,20,44,8,0,4,64,18,3,2,18,2,1,40,3,3,1,.340,.383,.724
146,8,2016,10,.260,231,208,25,54,7,0,7,82,25,5,1,17,4,0,53,5,1,1,.326,.394,.720
147,5,2016,10,.253,189,170,20,43,5,0,3,57,20,5,4,12,3,0,42,3,0,4,.307,.335,.642
148,6,2016,10,.250,113,104,14,26,2,1,4,42,12,2,0,8,1,0,29,2,0,0,.310,.404,.714
149,4,2016,10,.241,188,158,19,38,5,0,4,55,19,4,2,20,3,0,34,7,4,3,.332,.348,.680
150,7,2017,3,.344,38,32,6,11,5,0,1,19,6,2,2,4,2,0,9,0,0,0,.447,.594,1.041
151,1,2017,3,.257,37,35,3,9,2,0,1,14,3,0,1,2,0,1,8,1,0,0,.297,.400,.697
152,6,2017,3,.242,36,33,2,8,1,0,0,9,2,1,0,0,1,0,8,1,1,0,.265,.273,.537
153,3,2017,3,.226,33,31,2,7,1,0,2,14,2,0,0,1,0,0,7,1,1,0,.250,.452,.702
154,8,2017,3,.212,34,33,5,7,2,0,1,12,3,0,1,0,1,0,8,0,0,0,.235,.364,.599
155,9,2017,3,.206,42,34,7,7,1,1,3,19,7,0,1,8,0,0,5,0,0,0,.357,.559,.916
156,5,2017,3,.167,34,30,1,5,2,1,0,9,1,0,0,4,0,0,6,2,0,0,.265,.300,.565
157,2,2017,3,.148,33,27,3,4,1,0,0,5,3,3,0,2,2,0,8,0,0,2,.242,.185,.428
158,10,2017,3,.138,33,29,0,4,0,0,0,4,0,0,1,3,0,0,8,0,1,0,.219,.138,.357
159,4,2017,3,.129,34,31,2,4,0,0,1,7,1,0,0,3,0,0,10,1,0,0,.206,.226,.432
160,5,2017,4,.300,1006,904,148,271,44,5,21,388,136,13,5,79,13,2,165,19,1,9,.361,.429,.790
161,4,2017,4,.286,946,845,114,242,34,4,14,326,105,25,15,67,16,1,178,26,10,8,.347,.386,.733
162,9,2017,4,.281,957,844,138,237,48,3,14,333,131,21,5,70,18,3,151,19,11,14,.344,.395,.738
163,8,2017,4,.277,982,839,123,232,35,5,22,343,112,19,10,100,21,2,205,25,13,9,.364,.409,.773
164,10,2017,4,.276,987,889,108,245,42,5,15,342,102,10,6,66,13,2,181,20,14,5,.333,.385,.718
165,2,2017,4,.272,1028,894,120,243,36,3,20,345,115,17,5,103,16,2,164,17,5,10,.354,.386,.740
166,7,2017,4,.271,986,881,129,239,42,7,26,373,122,17,5,71,20,5,198,18,8,6,.337,.423,.761
167,6,2017,4,.267,961,849,142,227,31,5,47,409,137,9,9,71,22,5,196,22,9,10,.336,.482,.818
168,3,2017,4,.260,988,892,104,232,29,6,21,336,97,12,7,70,12,4,191,19,9,5,.321,.377,.697
169,1,2017,4,.229,895,812,78,186,29,2,14,261,75,15,7,61,5,2,168,14,10,6,.285,.321,.607
170,8,2017,5,.301,965,851,129,256,50,4,26,392,124,16,11,75,21,3,147,29,16,2,.371,.461,.832
171,2,2017,5,.299,947,816,144,244,38,4,28,374,134,15,7,96,20,0,149,24,6,9,.383,.458,.841
172,10,2017,5,.292,1005,879,126,257,41,2,21,365,117,15,8,78,25,3,173,16,18,4,.365,.415,.780
173,5,2017,5,.291,985,873,118,254,49,5,15,358,112,12,7,81,16,4,178,26,6,9,.359,.410,.769
174,9,2017,5,.288,1076,938,147,270,53,7,28,421,143,4,9,105,17,6,171,20,8,8,.367,.449,.816
175,1,2017,5,.287,1008,904,126,259,56,5,21,388,116,16,8,74,11,2,201,27,13,6,.346,.429,.775
176,4,2017,5,.278,908,802,99,223,31,5,12,300,92,18,11,69,16,2,162,29,14,7,.345,.374,.719
177,7,2017,5,.275,958,852,108,234,44,5,13,327,101,9,6,66,20,3,166,26,9,11,.337,.384,.721
178,6,2017,5,.266,1009,877,132,233,38,2,38,389,128,14,5,97,17,5,196,17,11,7,.348,.444,.791
179,3,2017,5,.250,951,844,122,211,41,9,26,348,108,20,7,79,10,5,148,19,10,8,.319,.412,.731
180,9,2017,6,.341,1016,892,194,304,62,8,30,472,182,10,6,92,15,2,140,20,6,11,.407,.529,.936
181,7,2017,6,.313,1034,875,166,274,48,0,25,397,158,20,6,102,29,1,149,21,16,12,.398,.454,.852
182,10,2017,6,.307,1005,882,159,271,50,5,37,442,150,12,10,76,19,2,148,25,16,12,.370,.501,.871
183,2,2017,6,.304,1029,912,160,277,56,4,38,455,153,10,3,93,14,3,167,21,4,6,.375,.499,.874
184,4,2017,6,.303,1001,867,152,263,54,6,19,386,146,11,12,89,19,6,188,15,14,12,.376,.445,.821
185,5,2017,6,.301,983,880,144,265,48,5,22,389,136,16,8,81,10,2,170,28,2,10,.363,.442,.805
186,3,2017,6,.286,1031,920,151,263,56,8,25,410,138,22,6,74,14,1,167,13,9,14,.343,.446,.789
187,8,2017,6,.285,1019,905,134,258,39,4,32,401,126,9,5,79,19,6,178,26,14,2,.354,.443,.797
188,1,2017,6,.280,976,881,120,247,55,2,17,357,113,16,11,65,10,1,162,23,10,10,.333,.405,.739
189,6,2017,6,.256,983,867,133,222,43,0,50,415,129,4,10,80,25,2,178,12,6,5,.335,.479,.813
190,9,2017,7,.316,895,791,156,250,43,3,40,419,150,14,3,75,14,6,145,15,9,6,.383,.530,.912
191,2,2017,7,.311,800,717,127,223,46,4,30,367,124,10,5,59,9,3,128,18,7,8,.367,.512,.879
192,7,2017,7,.305,833,712,110,217,45,3,20,328,104,11,7,80,21,3,133,18,14,6,.388,.461,.849
193,5,2017,7,.296,879,767,133,227,40,4,31,368,129,6,3,83,19,4,161,18,5,5,.376,.480,.856
194,4,2017,7,.295,730,638,113,188,29,3,24,295,108,4,4,53,16,1,110,17,12,11,.358,.462,.820
195,10,2017,7,.289,761,692,103,200,39,0,30,329,94,11,6,51,5,1,129,20,9,3,.341,.475,.816
196,3,2017,7,.279,856,756,109,211,40,2,21,318,100,14,6,64,15,0,161,17,12,9,.344,.421,.764
197,6,2017,7,.265,890,775,125,205,30,2,38,353,119,10,5,81,22,6,165,19,7,5,.349,.455,.804
198,8,2017,7,.260,854,743,90,193,37,2,16,282,87,14,5,69,24,11,158,26,13,5,.340,.380,.720
199,1,2017,7,.253,706,617,72,156,39,0,10,225,70,13,6,61,11,2,114,16,13,4,.329,.365,.694
200,3,2017,8,.306,976,872,131,267,42,6,22,387,124,15,8,75,14,4,163,16,7,8,.367,.444,.811
201,10,2017,8,.297,896,790,123,235,45,2,22,350,113,11,8,69,16,3,146,15,14,7,.363,.443,.806
202,2,2017,8,.297,1054,927,151,275,61,3,28,426,145,6,7,89,19,6,160,26,12,7,.368,.460,.827
203,9,2017,8,.296,827,726,116,215,43,4,22,332,114,14,4,72,12,1,129,22,9,8,.366,.457,.823
204,8,2017,8,.294,1068,948,160,279,48,1,36,437,155,24,7,86,13,9,198,22,11,10,.358,.461,.819
205,1,2017,8,.292,929,825,118,241,48,3,29,382,117,17,9,68,18,2,171,21,11,7,.356,.463,.819
206,5,2017,8,.286,1026,917,139,262,54,5,27,407,133,16,6,87,12,1,208,21,3,7,.353,.444,.797
207,6,2017,8,.286,945,851,113,243,49,3,28,382,108,12,8,54,19,2,183,18,13,8,.339,.449,.788
208,7,2017,8,.275,1051,938,126,258,58,4,27,405,115,23,3,77,22,2,186,20,6,8,.342,.432,.773
209,4,2017,8,.270,941,830,98,224,35,1,18,315,94,13,3,76,17,4,177,20,14,4,.342,.380,.722
210,7,2017,9,.324,836,741,133,240,34,0,36,382,125,10,2,67,14,5,130,15,9,5,.388,.516,.904
211,8,2017,9,.300,717,647,98,194,36,1,18,286,87,10,5,46,13,2,120,18,7,4,.356,.442,.798
212,9,2017,9,.300,909,814,131,244,36,2,29,371,124,11,6,65,12,1,131,19,10,8,.357,.456,.813
213,6,2017,9,.299,702,638,111,191,29,3,33,325,107,2,5,41,7,0,166,8,10,6,.345,.509,.855
214,1,2017,9,.292,802,739,113,216,38,5,23,333,108,8,9,38,9,1,168,14,5,11,.330,.451,.781
215,2,2017,9,.292,863,743,136,217,32,2,31,346,130,8,6,91,12,5,173,12,12,5,.376,.466,.842
216,3,2017,9,.291,789,708,118,206,39,4,26,331,114,15,3,56,5,3,134,11,10,10,.343,.468,.810
217,10,2017,9,.267,884,782,106,209,42,2,21,318,96,5,5,67,16,3,179,16,13,6,.335,.407,.742
218,4,2017,9,.267,980,862,116,230,29,0,21,322,112,6,11,78,16,3,179,15,12,12,.335,.374,.708
219,5,2017,9,.262,754,686,97,180,27,5,22,283,93,7,5,49,13,2,166,14,4,2,.323,.413,.735
220,1,2017,10,.371,132,124,25,46,7,0,4,65,23,1,0,5,2,0,25,2,0,1,.402,.524,.926
221,5,2017,10,.366,45,41,9,15,3,0,3,27,8,0,0,4,0,0,12,1,0,0,.422,.659,1.081
222,7,2017,10,.333,54,48,8,16,1,0,1,20,8,1,1,4,2,0,8,1,0,0,.407,.417,.824
223,3,2017,10,.306,83,72,20,22,7,1,2,37,20,0,0,10,0,0,12,1,0,1,.386,.514,.899
224,10,2017,10,.276,94,87,12,24,2,0,4,38,12,0,0,6,0,1,10,0,0,1,.319,.437,.756
225,9,2017,10,.262,119,103,17,27,6,1,4,47,17,2,0,12,1,0,19,2,2,1,.342,.456,.798
226,2,2017,10,.242,79,66,8,16,0,0,3,25,8,0,0,8,3,0,11,2,2,0,.351,.379,.729
227,4,2017,10,.232,74,69,5,16,4,1,1,25,5,0,0,3,1,0,17,0,0,1,.270,.362,.633
228,6,2017,10,.229,38,35,3,8,1,0,0,9,3,1,0,3,0,0,8,0,0,0,.290,.257,.547
229,8,2017,10,.214,32,28,4,6,3,0,0,9,3,0,0,2,0,0,4,0,2,0,.267,.321,.588
230,9,2018,3,.314,280,242,50,76,17,1,12,131,49,6,2,26,6,0,52,6,3,3,.390,.541,.931
231,1,2018,3,.313,280,262,48,82,13,0,16,143,44,5,1,17,0,0,56,3,1,0,.355,.546,.901
232,5,2018,3,.294,299,255,38,75,14,0,10,119,35,4,2,30,7,2,65,5,6,1,.382,.467,.849
233,7,2018,3,.283,269,230,43,65,10,1,6,95,38,4,2,23,11,1,41,6,0,5,.368,.413,.781
234,10,2018,3,.275,267,244,25,67,8,2,6,97,23,6,4,18,5,0,52,6,0,0,.337,.398,.735
235,6,2018,3,.274,273,241,45,66,10,1,13,117,41,8,1,28,3,1,61,7,0,1,.355,.485,.841
236,4,2018,3,.261,270,241,29,63,14,0,6,95,29,2,2,22,2,0,48,5,2,3,.325,.394,.719
237,2,2018,3,.261,262,226,37,59,11,4,5,93,34,7,1,23,6,0,49,5,3,4,.340,.412,.751
238,3,2018,3,.252,277,250,26,63,6,1,5,86,26,4,2,21,2,1,54,5,3,1,.314,.344,.658
239,8,2018,3,.196,253,224,21,44,10,1,3,65,19,2,1,24,1,0,64,6,2,2,.275,.290,.565
240,4,2018,4,.308,949,839,138,258,48,1,29,395,127,13,6,80,12,5,171,25,12,6,.374,.471,.844
241,8,2018,4,.302,885,784,127,237,43,1,28,366,126,6,5,68,20,0,178,18,5,8,.369,.467,.836
242,2,2018,4,.293,934,818,143,240,49,6,27,382,132,20,5,84,12,5,179,13,11,9,.364,.467,.831
243,6,2018,4,.292,943,818,143,239,49,2,44,424,138,19,8,92,16,2,188,20,12,5,.373,.518,.891
244,9,2018,4,.289,814,729,108,211,37,1,24,322,106,8,6,57,12,4,126,23,11,5,.349,.442,.790
245,1,2018,4,.283,950,853,131,241,57,3,33,403,126,20,11,84,7,1,177,17,4,2,.351,.472,.823
246,10,2018,4,.279,845,753,119,210,39,2,19,310,107,15,10,67,15,4,168,14,2,8,.346,.412,.758
247,3,2018,4,.277,987,869,110,241,45,4,20,354,98,20,8,86,16,1,193,23,11,5,.351,.407,.759
248,5,2018,4,.249,956,851,93,212,39,4,19,316,91,10,7,81,10,5,210,14,8,6,.320,.371,.691
249,7,2018,4,.229,874,803,80,184,29,2,18,271,76,16,5,49,11,0,192,20,6,5,.281,.337,.619
250,9,2018,5,.313,1044,929,161,291,49,5,34,452,152,18,4,85,16,3,154,28,6,8,.378,.487,.864
251,4,2018,5,.306,1019,919,145,281,55,5,19,403,135,14,3,68,8,4,175,20,10,14,.354,.439,.792
252,5,2018,5,.305,1014,914,155,279,47,6,37,449,150,25,6,73,16,3,196,12,5,6,.365,.491,.856
253,3,2018,5,.303,976,866,138,262,51,4,25,396,130,19,13,71,14,3,146,22,13,12,.360,.457,.818
254,2,2018,5,.294,926,841,133,247,56,9,21,384,124,8,5,63,11,2,162,11,1,10,.347,.457,.804
255,8,2018,5,.282,921,827,121,233,53,5,22,362,117,9,4,69,8,5,185,26,12,5,.341,.438,.779
256,6,2018,5,.276,887,797,116,220,36,2,30,350,108,8,6,62,17,0,159,16,6,5,.339,.439,.779
257,1,2018,5,.274,941,844,120,231,55,3,24,364,111,5,9,70,16,4,177,19,5,6,.339,.431,.770
258,10,2018,5,.271,949,853,115,231,37,4,24,348,101,11,9,70,13,2,168,29,6,7,.333,.408,.741
259,7,2018,5,.253,960,863,95,218,41,3,27,346,91,9,3,74,12,1,208,13,5,6,.318,.401,.719
260,2,2018,6,.332,1066,940,193,312,53,4,47,514,184,13,2,89,17,4,166,30,10,10,.396,.547,.943
261,8,2018,6,.295,1069,938,174,277,45,2,54,488,167,14,5,96,16,9,196,17,11,8,.368,.520,.888
262,5,2018,6,.292,1023,913,158,267,53,2,21,387,151,19,3,82,16,6,213,16,1,11,.357,.424,.781
263,4,2018,6,.289,922,820,134,237,47,2,26,366,128,20,9,72,15,1,186,27,5,10,.353,.446,.800
264,3,2018,6,.283,985,873,144,247,50,5,21,370,140,15,3,83,16,1,164,17,7,6,.354,.424,.778
265,9,2018,6,.271,854,749,115,203,36,3,24,317,109,14,4,73,14,8,143,26,11,7,.344,.423,.767
266,10,2018,6,.268,999,891,140,239,50,3,30,385,129,36,13,83,15,2,213,15,5,5,.339,.432,.771
267,6,2018,6,.267,901,791,128,211,34,2,45,384,124,16,8,70,23,1,175,15,12,5,.342,.485,.827
268,7,2018,6,.254,919,804,100,204,40,1,18,300,95,19,9,80,21,1,185,21,9,5,.335,.373,.708
269,1,2018,6,.252,886,798,91,201,33,4,28,326,87,14,14,64,11,3,188,17,10,3,.315,.409,.724
270,2,2018,7,.326,860,766,133,250,38,3,32,390,127,13,3,64,12,0,148,20,9,9,.383,.509,.892
271,3,2018,7,.302,895,799,119,241,32,4,22,347,111,18,11,66,13,4,152,19,9,8,.361,.434,.796
272,4,2018,7,.299,892,810,131,242,47,1,28,375,121,9,5,59,15,1,146,19,5,3,.356,.463,.819
273,8,2018,7,.295,835,753,117,222,47,4,27,358,111,9,6,61,11,2,167,16,5,5,.354,.475,.830
274,6,2018,7,.289,869,758,111,219,36,4,33,362,104,26,6,80,13,1,162,16,9,9,.363,.478,.840
275,1,2018,7,.288,819,735,124,212,31,2,41,370,119,16,8,69,4,1,168,20,6,5,.351,.503,.854
276,10,2018,7,.288,857,779,105,224,44,2,15,317,95,21,7,57,12,4,194,18,5,4,.344,.407,.751
277,9,2018,7,.278,843,745,110,207,34,6,18,307,101,14,8,68,15,2,141,17,6,9,.347,.412,.759
278,5,2018,7,.262,906,795,118,208,45,2,28,341,110,15,3,84,12,2,191,19,3,12,.337,.429,.766
279,7,2018,7,.259,856,758,95,196,39,4,15,288,91,17,6,70,14,7,160,16,6,8,.329,.380,.709
280,5,2018,8,.388,575,508,116,197,35,2,19,293,112,16,7,48,8,2,100,14,4,7,.443,.577,1.020
281,9,2018,8,.352,526,454,107,160,32,2,23,265,102,7,4,46,13,2,67,8,10,3,.424,.584,1.008
282,8,2018,8,.310,430,387,65,120,25,1,16,195,65,6,4,30,6,3,79,5,4,3,.366,.504,.870
283,4,2018,8,.308,527,471,86,145,34,1,18,235,83,6,3,40,6,0,81,12,4,6,.365,.499,.864
284,7,2018,8,.307,531,479,84,147,31,4,26,264,83,3,1,38,7,2,104,11,4,3,.364,.551,.916
285,6,2018,8,.302,542,463,103,140,26,0,21,229,99,5,2,49,21,0,83,11,5,4,.391,.495,.886
286,2,2018,8,.301,516,448,73,135,21,2,14,202,69,5,2,48,8,0,86,10,5,7,.374,.451,.825
287,3,2018,8,.285,513,446,76,127,15,4,15,195,70,12,8,45,10,1,96,9,5,7,.358,.437,.796
288,10,2018,8,.268,457,399,59,107,20,1,13,168,56,11,8,41,11,2,76,11,6,0,.353,.421,.774
289,1,2018,8,.250,483,428,64,107,19,0,20,186,64,5,4,45,1,1,114,8,4,5,.319,.435,.754
290,2,2018,9,.314,1022,884,190,278,44,2,40,446,187,24,3,100,22,4,170,12,4,12,.393,.505,.898
291,8,2018,9,.294,899,796,133,234,44,2,35,387,127,15,5,82,15,1,182,19,5,1,.370,.486,.856
292,9,2018,9,.294,941,793,157,233,40,3,22,345,148,16,5,116,15,6,139,17,5,12,.389,.435,.824
293,7,2018,9,.282,883,780,139,220,34,3,28,344,131,13,7,77,11,3,156,25,5,10,.351,.441,.792
294,1,2018,9,.279,927,818,131,228,37,1,33,366,125,13,7,89,5,4,166,13,11,4,.352,.447,.799
295,10,2018,9,.277,939,851,131,236,41,0,35,382,124,18,10,65,16,3,186,15,4,3,.339,.449,.788
296,6,2018,9,.276,941,840,142,232,37,2,34,375,137,14,6,69,20,1,179,15,8,4,.344,.446,.791
297,3,2018,9,.275,961,854,122,235,34,6,28,365,117,24,5,82,12,3,195,17,8,5,.345,.427,.773
298,4,2018,9,.269,930,832,106,224,47,2,18,329,100,6,9,65,13,3,169,16,12,8,.329,.395,.724
299,5,2018,9,.261,885,794,127,207,45,1,26,332,119,11,4,66,15,5,209,11,5,5,.327,.418,.745
300,3,2018,10,.362,172,152,41,55,8,1,10,95,40,4,2,14,4,0,34,3,1,1,.427,.625,1.052
301,5,2018,10,.324,122,111,20,36,10,2,5,65,19,1,1,8,1,0,24,2,0,2,.369,.586,.954
302,2,2018,10,.316,284,253,42,80,12,0,5,107,41,6,2,25,4,1,56,11,0,2,.384,.423,.807
303,8,2018,10,.278,472,421,63,117,22,1,18,195,60,7,2,41,4,2,106,17,1,5,.344,.463,.807
304,1,2018,10,.278,319,288,48,80,19,0,11,132,45,2,3,26,2,0,63,6,2,1,.341,.458,.799
305,10,2018,10,.272,226,202,35,55,10,0,9,92,33,0,3,19,1,0,41,5,3,1,.336,.455,.792
306,9,2018,10,.268,442,395,57,106,13,1,13,160,56,5,4,32,8,2,83,10,4,3,.333,.405,.738
307,4,2018,10,.268,156,138,19,37,7,0,4,56,17,1,1,12,4,0,25,1,1,1,.342,.406,.748
308,6,2018,10,.268,326,284,41,76,6,0,13,121,40,12,2,33,6,0,72,3,2,1,.355,.426,.781
309,7,2018,10,.258,196,178,24,46,9,0,5,70,24,1,2,16,1,0,35,3,0,1,.321,.393,.715
310,10,2019,3,.297,332,276,61,82,22,0,8,128,58,6,3,42,6,0,66,9,3,5,.395,.464,.859
311,1,2019,3,.282,327,291,32,82,8,0,7,111,31,8,2,30,3,2,73,4,1,2,.353,.381,.734
312,3,2019,3,.268,332,280,49,75,10,2,14,131,46,5,1,39,6,1,67,7,4,3,.366,.468,.834
313,7,2019,3,.258,303,271,40,70,6,1,15,123,40,2,3,25,6,2,57,8,1,0,.334,.454,.788
314,8,2019,3,.252,308,270,41,68,18,1,4,100,40,6,1,26,2,0,60,5,5,5,.317,.370,.687
315,2,2019,3,.246,292,252,36,62,8,1,6,90,36,3,1,37,3,0,48,16,0,0,.349,.357,.707
316,5,2019,3,.237,317,278,30,66,14,0,4,92,28,3,3,32,3,1,64,2,2,2,.321,.331,.652
317,9,2019,3,.234,307,265,34,62,15,1,4,91,33,3,3,35,4,0,62,3,1,2,.330,.343,.674
318,6,2019,3,.217,289,258,35,56,13,1,8,95,34,8,2,23,5,0,61,6,2,1,.293,.368,.661
319,4,2019,3,.210,308,271,28,57,13,0,5,85,25,6,1,31,4,0,63,7,0,2,.299,.314,.612
320,5,2019,4,.309,988,864,153,267,53,7,17,385,146,22,7,102,9,4,163,20,2,11,.383,.446,.829
321,7,2019,4,.298,883,788,124,235,56,2,23,364,115,10,8,62,17,1,156,24,6,10,.358,.462,.820
322,2,2019,4,.284,954,809,144,230,46,9,20,354,133,15,8,109,14,4,150,20,4,18,.372,.438,.809
323,4,2019,4,.277,872,762,112,211,34,4,15,298,104,19,8,81,10,3,137,26,10,9,.350,.391,.741
324,8,2019,4,.268,860,760,99,204,27,6,14,285,89,4,4,75,12,5,166,15,7,6,.341,.375,.716
325,9,2019,4,.267,882,779,103,208,43,5,14,303,95,13,6,79,8,4,167,12,6,10,.337,.389,.726
326,3,2019,4,.262,879,771,96,202,45,5,13,296,92,20,4,77,9,2,168,14,11,11,.332,.384,.716
327,10,2019,4,.252,790,699,88,176,35,1,14,255,85,15,4,69,9,4,174,25,6,7,.324,.365,.689
328,1,2019,4,.246,898,813,87,200,27,2,16,279,80,14,6,68,8,2,173,21,5,4,.309,.343,.652
329,6,2019,4,.245,912,801,95,196,30,3,22,298,91,15,3,87,14,4,177,10,4,6,.327,.372,.699
330,7,2019,5,.296,1049,926,131,274,42,7,22,396,127,17,8,81,15,3,161,20,15,12,.358,.428,.786
331,1,2019,5,.283,1012,892,128,252,43,3,16,349,122,14,8,91,13,5,176,22,9,7,.355,.391,.746
332,5,2019,5,.276,1030,921,147,254,43,8,23,382,139,14,6,85,14,1,165,27,3,7,.344,.415,.759
333,8,2019,5,.274,1093,964,144,264,41,5,18,369,138,18,7,95,17,2,217,17,9,8,.347,.383,.730
334,2,2019,5,.272,1025,887,116,241,42,6,15,340,110,22,9,108,13,4,160,21,5,12,.355,.383,.738
335,3,2019,5,.270,1004,877,118,237,39,6,19,345,115,24,11,85,15,7,171,22,13,14,.340,.393,.733
336,6,2019,5,.269,1028,914,131,246,31,4,23,354,124,29,12,82,20,6,177,17,5,6,.341,.387,.728
337,9,2019,5,.269,1031,915,119,246,50,5,15,351,106,19,8,87,9,3,153,16,12,8,.336,.384,.719
338,4,2019,5,.256,970,876,88,224,38,2,10,296,80,12,14,68,14,2,184,12,8,4,.318,.338,.656
339,10,2019,5,.241,1014,907,105,219,37,4,19,321,96,28,10,79,13,2,190,16,8,7,.309,.354,.663
340,6,2019,6,.299,1003,886,137,265,50,2,19,376,130,6,9,82,22,5,147,16,4,9,.369,.424,.794
341,1,2019,6,.290,981,870,122,252,31,1,20,345,114,21,12,88,6,2,158,17,7,10,.355,.397,.752
342,3,2019,6,.276,922,820,119,226,45,3,27,358,113,17,6,71,13,4,154,21,14,4,.341,.437,.778
343,5,2019,6,.273,977,856,125,234,42,4,22,350,119,24,4,88,12,3,173,15,12,9,.346,.409,.755
344,2,2019,6,.271,962,830,110,225,45,0,8,294,103,13,2,101,12,2,143,24,6,13,.354,.354,.708
345,4,2019,6,.270,989,881,115,238,44,2,18,340,108,25,6,74,13,7,151,19,11,10,.332,.386,.718
346,9,2019,6,.270,965,842,109,227,42,4,11,310,102,17,8,98,12,2,166,25,6,7,.351,.368,.720
347,7,2019,6,.253,894,794,82,201,38,1,15,286,75,10,8,77,7,2,148,19,5,11,.321,.360,.681
348,10,2019,6,.248,940,815,112,202,37,3,13,284,102,22,9,93,11,4,218,16,12,9,.330,.348,.678
349,8,2019,6,.244,944,828,99,202,28,2,15,279,92,14,8,90,11,2,161,18,9,6,.324,.337,.661
350,1,2019,7,.299,712,623,93,186,27,5,10,253,88,12,6,62,6,0,107,16,9,12,.361,.406,.767
351,7,2019,7,.287,764,666,98,191,38,3,14,277,95,16,3,68,12,2,111,23,8,10,.359,.416,.774
352,5,2019,7,.280,707,636,102,178,29,11,12,265,98,12,6,51,9,2,122,15,5,6,.339,.417,.756
353,6,2019,7,.275,726,647,98,178,35,0,15,258,94,25,7,62,6,2,111,18,5,6,.341,.399,.740
354,9,2019,7,.264,611,527,73,139,23,0,12,198,70,8,4,70,7,2,99,12,1,6,.354,.376,.730
355,2,2019,7,.261,676,586,90,153,31,3,10,220,86,3,4,54,12,0,89,9,9,15,.328,.375,.704
356,4,2019,7,.261,671,595,83,155,26,4,13,228,79,13,4,54,8,0,115,16,7,7,.327,.383,.710
357,3,2019,7,.257,726,643,76,165,32,5,18,261,74,15,6,60,14,0,117,15,5,4,.332,.406,.737
358,10,2019,7,.253,713,655,74,166,30,2,14,242,64,11,6,46,5,1,127,14,3,4,.306,.369,.675
359,8,2019,7,.228,660,593,54,135,24,4,12,203,53,13,3,52,6,2,156,12,3,6,.294,.342,.636
360,5,2019,8,.303,1029,893,162,271,51,8,27,419,154,21,4,108,11,0,142,27,6,11,.381,.469,.850
361,2,2019,8,.302,961,839,141,253,40,9,20,371,133,26,9,88,12,3,116,16,8,14,.370,.442,.813
362,4,2019,8,.297,946,838,137,249,40,2,15,338,131,13,7,71,18,5,161,20,8,11,.360,.403,.764
363,1,2019,8,.274,982,873,114,239,29,5,19,335,112,15,6,84,9,3,165,19,11,5,.342,.384,.726
364,9,2019,8,.267,986,879,104,235,50,2,12,325,100,18,5,83,10,2,146,20,5,9,.334,.370,.704
365,7,2019,8,.265,929,804,109,213,41,7,19,325,101,13,9,86,15,2,123,19,12,12,.342,.404,.747
366,10,2019,8,.261,889,812,85,212,32,5,11,287,83,14,11,50,16,1,162,21,4,7,.314,.353,.668
367,6,2019,8,.255,920,829,94,211,42,4,9,288,90,21,11,68,10,1,172,12,6,7,.316,.347,.664
368,8,2019,8,.251,912,843,92,212,45,4,19,322,86,6,4,48,13,1,172,22,1,7,.300,.382,.682
369,3,2019,8,.225,818,714,76,161,27,2,10,222,74,13,8,74,13,0,128,10,6,11,.305,.311,.616
370,2,2019,9,.276,758,670,93,185,22,2,5,226,85,20,5,65,6,3,87,11,6,11,.340,.337,.678
371,1,2019,9,.272,670,603,74,164,22,4,15,239,68,20,4,52,7,1,123,14,3,5,.334,.396,.731
372,7,2019,9,.269,764,676,85,182,26,5,20,278,82,18,6,55,11,2,117,12,17,5,.332,.411,.743
373,10,2019,9,.269,804,718,82,193,30,1,9,252,74,9,8,62,10,0,153,11,8,6,.333,.351,.684
374,4,2019,9,.258,780,705,78,182,38,1,18,276,77,20,7,55,10,0,151,17,5,5,.319,.391,.710
375,9,2019,9,.253,723,667,63,169,25,2,8,222,61,9,8,45,8,0,126,20,0,3,.307,.333,.640
376,5,2019,9,.250,572,508,58,127,16,0,7,164,55,13,2,45,11,2,105,15,6,2,.323,.323,.646
377,6,2019,9,.236,664,584,65,138,17,0,21,218,59,14,6,58,10,2,121,13,9,3,.315,.373,.688
378,3,2019,9,.235,852,761,88,179,32,3,21,280,84,13,6,72,8,1,171,18,5,6,.306,.368,.674
379,8,2019,9,.219,674,625,48,137,31,0,8,192,46,4,4,42,4,0,145,19,1,2,.272,.307,.579
380,7,2019,10,.395,45,43,5,17,2,0,0,19,4,1,0,2,0,0,7,1,0,0,.422,.442,.864
381,2,2019,10,.375,42,40,6,15,1,1,0,18,5,0,0,1,0,0,6,0,1,0,.390,.450,.840
382,8,2019,10,.250,37,36,1,9,0,0,0,9,1,0,0,1,0,0,8,0,0,0,.270,.250,.520
383,5,2019,10,.229,38,35,3,8,3,0,0,11,2,1,1,3,0,0,9,1,0,0,.290,.314,.604
384,1,2020,5,.306,931,832,147,255,44,9,25,392,139,14,9,70,8,1,163,12,9,12,.361,.471,.832
385,2,2020,5,.299,934,824,139,246,43,4,23,366,129,7,9,78,11,2,142,26,5,16,.361,.444,.805
386,7,2020,5,.296,934,814,152,241,41,2,35,391,146,15,5,82,19,4,166,13,10,9,.370,.480,.851
387,4,2020,5,.294,895,790,142,232,48,6,26,370,136,16,8,82,11,4,151,21,6,6,.366,.468,.834
388,9,2020,5,.276,953,837,114,231,44,0,23,344,109,10,4,92,10,0,161,20,6,8,.352,.411,.763
389,5,2020,5,.268,949,828,136,222,45,4,24,347,125,16,3,98,12,2,177,15,2,9,.351,.419,.770
390,8,2020,5,.255,907,801,101,204,45,0,15,294,92,14,4,82,12,0,151,18,2,10,.329,.367,.696
391,3,2020,5,.251,905,788,124,198,44,1,22,310,117,16,9,85,11,2,160,17,8,13,.328,.393,.721
392,6,2020,5,.243,882,778,96,189,28,7,18,285,90,15,8,81,9,3,171,23,7,7,.319,.366,.685
393,10,2020,5,.242,879,793,86,192,34,1,16,276,82,16,9,66,11,0,173,25,6,3,.308,.348,.656
394,7,2020,6,.290,960,847,154,246,50,4,36,412,150,13,7,80,19,2,163,21,5,9,.361,.486,.848
395,2,2020,6,.290,1021,889,156,258,52,3,27,397,149,10,2,101,14,5,151,24,4,13,.367,.447,.813
396,8,2020,6,.286,905,809,116,231,41,2,20,336,111,19,7,76,7,8,139,20,9,4,.350,.415,.766
397,4,2020,6,.284,974,870,120,247,39,2,15,335,114,18,10,65,11,4,149,16,12,16,.336,.385,.721
398,1,2020,6,.272,988,870,128,237,41,1,30,370,118,18,2,92,10,6,197,17,11,5,.347,.425,.772
399,3,2020,6,.267,949,849,123,227,44,1,22,339,118,29,8,70,15,0,174,22,7,8,.331,.399,.731
400,5,2020,6,.267,998,848,146,226,43,8,31,378,137,17,4,115,13,3,197,17,10,12,.358,.446,.804
401,9,2020,6,.266,765,677,104,180,26,2,24,282,101,6,2,66,7,0,135,23,11,4,.336,.417,.752
402,10,2020,6,.239,893,800,84,191,30,2,12,261,81,8,3,70,15,1,175,20,6,2,.311,.326,.637
403,6,2020,6,.235,927,827,82,194,24,3,20,284,80,9,5,78,9,2,176,20,10,3,.306,.343,.650
404,2,2020,7,.313,909,808,131,253,41,4,19,359,129,22,6,74,12,3,118,19,6,9,.375,.444,.820
405,1,2020,7,.299,862,770,129,230,35,1,31,360,121,18,14,79,4,1,180,18,5,4,.365,.468,.833
406,3,2020,7,.298,887,769,123,229,35,3,21,333,116,24,13,90,10,2,153,20,10,8,.375,.433,.808
407,9,2020,7,.288,908,789,125,227,38,3,21,334,118,3,3,85,16,5,151,18,14,4,.367,.423,.790
408,7,2020,7,.287,877,788,131,226,40,5,27,357,126,20,5,66,8,2,143,17,8,6,.346,.453,.799
409,8,2020,7,.282,870,762,121,215,39,0,21,317,115,17,6,83,9,2,134,27,9,7,.357,.416,.773
410,4,2020,7,.278,969,850,155,236,39,6,33,386,148,10,5,91,17,3,165,20,6,5,.357,.454,.811
411,5,2020,7,.277,938,815,126,226,36,4,26,348,119,21,5,98,11,3,162,23,5,9,.359,.427,.786
412,6,2020,7,.257,960,845,116,217,26,0,32,339,109,16,8,89,13,3,181,18,8,5,.335,.401,.736
413,10,2020,7,.229,943,828,84,190,35,0,10,255,77,10,9,96,7,2,186,27,6,6,.313,.308,.621
414,2,2020,8,.298,1013,890,136,265,35,2,24,376,129,22,10,95,11,4,140,25,7,10,.369,.422,.791
415,7,2020,8,.292,944,819,142,239,46,7,26,377,132,12,7,95,18,3,160,17,7,5,.376,.460,.836
416,5,2020,8,.285,1045,901,138,257,50,4,19,372,131,30,4,103,16,4,150,26,15,10,.365,.413,.778
417,4,2020,8,.282,979,865,145,244,41,8,33,400,140,10,5,91,11,3,191,22,6,6,.356,.462,.818
418,8,2020,8,.280,891,776,126,217,41,2,21,325,119,18,4,88,10,3,122,21,8,9,.357,.419,.776
419,6,2020,8,.278,903,769,128,214,36,4,25,333,123,7,6,99,16,1,132,18,10,9,.368,.433,.802
420,3,2020,8,.260,901,809,89,210,31,1,18,297,85,21,7,67,11,3,160,15,7,7,.322,.367,.689
421,9,2020,8,.258,976,857,129,221,30,1,23,322,124,10,3,95,11,0,197,8,11,2,.339,.376,.715
422,1,2020,8,.248,910,781,113,194,38,3,22,304,104,14,9,107,8,1,175,20,8,6,.343,.389,.732
423,10,2020,8,.235,820,706,82,166,21,5,12,233,76,4,6,78,20,1,169,14,9,7,.326,.330,.656
424,7,2020,9,.299,1061,911,166,272,44,6,27,409,155,28,10,103,24,6,182,18,11,12,.380,.449,.829
425,1,2020,9,.287,1043,902,142,259,35,3,26,378,136,21,9,104,13,4,197,17,13,11,.365,.419,.784
426,9,2020,9,.287,958,829,128,238,47,4,19,350,119,4,8,96,13,3,150,21,12,8,.367,.422,.789
427,8,2020,9,.280,1073,925,147,259,42,0,18,355,141,13,6,124,10,3,161,34,4,10,.368,.384,.751
428,3,2020,9,.275,979,867,129,238,26,4,23,341,117,19,4,85,5,1,165,21,12,10,.339,.393,.733
429,4,2020,9,.272,954,847,129,230,45,4,28,367,122,16,3,85,7,3,184,18,9,6,.341,.433,.774
430,5,2020,9,.267,1090,951,138,254,50,4,15,357,131,22,4,113,12,1,215,16,6,8,.350,.375,.725
431,10,2020,9,.262,1011,896,113,235,35,1,19,329,110,7,6,77,20,2,249,17,12,6,.332,.367,.700
432,2,2020,9,.248,967,839,111,208,42,4,13,297,103,8,6,101,10,2,143,20,8,9,.333,.354,.687
433,6,2020,9,.233,974,867,108,202,35,0,24,309,99,18,9,86,8,4,177,22,7,6,.306,.356,.663
434,2,2020,10,.310,929,793,143,246,50,3,19,359,137,19,4,102,10,4,102,18,8,16,.389,.453,.841
435,1,2020,10,.288,1028,892,154,257,45,4,29,397,149,21,7,102,9,7,185,20,18,7,.364,.445,.809
436,7,2020,10,.281,1057,923,143,259,37,4,36,412,136,13,4,103,16,4,183,20,5,10,.359,.446,.806
437,9,2020,10,.271,1077,944,124,256,39,3,20,361,121,14,5,100,12,2,163,23,9,12,.345,.382,.727
438,8,2020,10,.271,1023,885,139,240,44,2,36,396,133,9,4,116,7,2,168,28,7,8,.357,.447,.805
439,6,2020,10,.260,856,753,104,196,28,3,24,302,94,16,9,78,14,5,144,11,7,4,.339,.401,.740
440,10,2020,10,.256,937,839,102,215,40,3,10,291,97,6,3,75,16,3,211,16,6,1,.329,.347,.676
441,3,2020,10,.256,953,841,111,215,31,2,23,319,105,23,8,89,10,2,178,22,6,7,.332,.379,.711
442,4,2020,10,.251,910,777,111,195,41,3,14,284,100,13,8,95,18,4,129,18,10,10,.342,.366,.708
443,5,2020,10,.244,701,602,75,147,30,1,12,215,70,7,6,81,9,3,129,10,5,4,.341,.357,.698
444,1,2021,4,.295,947,797,140,235,34,5,14,321,127,26,10,126,9,5,160,21,8,7,.394,.403,.797
445,2,2021,4,.289,938,817,130,236,30,3,19,329,124,8,6,100,10,2,157,18,5,6,.371,.403,.774
446,8,2021,4,.275,957,822,120,226,44,1,18,326,117,10,8,119,8,5,171,22,6,2,.371,.397,.768
447,3,2021,4,.273,933,801,120,219,33,3,23,327,110,22,6,104,8,4,155,17,7,13,.358,.408,.766
448,7,2021,4,.262,923,791,125,207,33,4,33,347,123,10,6,92,29,1,173,11,6,5,.358,.439,.796
449,9,2021,4,.243,941,803,95,195,31,5,5,251,93,15,4,107,12,6,163,16,11,8,.338,.313,.650
450,5,2021,4,.243,954,828,107,201,47,5,10,288,94,19,5,100,13,4,187,17,5,8,.331,.348,.679
451,10,2021,4,.239,878,763,110,182,38,3,11,259,101,16,6,98,8,4,209,18,6,3,.330,.339,.670
452,6,2021,4,.236,885,768,103,181,26,0,24,279,96,17,7,89,17,1,177,9,3,8,.325,.363,.689
453,4,2021,4,.228,870,744,86,170,34,2,20,268,83,17,6,103,11,3,146,16,5,7,.328,.360,.689
454,7,2021,5,.285,950,813,142,232,42,1,34,378,134,17,6,103,13,1,155,18,13,8,.371,.465,.836
455,5,2021,5,.285,940,796,148,227,45,5,20,342,139,19,5,111,17,2,174,15,3,13,.379,.430,.809
456,6,2021,5,.282,954,799,137,225,40,4,32,369,126,21,7,121,13,2,174,18,14,7,.382,.462,.844
457,3,2021,5,.279,900,786,123,219,38,4,23,334,115,23,4,81,9,2,136,13,10,14,.347,.425,.772
458,9,2021,5,.275,871,748,97,206,25,4,11,272,93,12,8,97,13,2,135,23,9,4,.367,.364,.730
459,2,2021,5,.274,882,752,111,206,28,2,20,298,106,8,9,100,13,1,139,25,8,9,.365,.396,.761
460,4,2021,5,.267,960,815,119,218,44,3,22,334,114,17,4,111,17,2,151,21,10,7,.364,.410,.774
461,8,2021,5,.262,863,757,101,198,39,1,17,290,97,16,4,92,3,3,161,20,3,8,.341,.383,.724
462,1,2021,5,.256,878,746,111,191,43,0,17,285,106,12,7,106,13,3,192,17,8,5,.356,.382,.738
463,10,2021,5,.236,882,747,83,176,30,4,10,244,78,14,10,104,10,1,200,13,11,10,.333,.327,.660
464,8,2021,6,.301,1061,925,168,278,51,2,28,417,162,10,7,115,7,2,181,21,4,10,.378,.451,.829
465,7,2021,6,.279,909,780,130,218,39,2,31,354,120,17,4,95,15,7,174,21,12,7,.366,.454,.820
466,3,2021,6,.272,1006,889,128,242,36,3,25,359,122,21,6,87,11,5,155,15,13,6,.342,.404,.746
467,4,2021,6,.264,933,792,127,209,32,2,30,335,125,11,7,107,18,2,132,19,9,7,.362,.423,.785
468,2,2021,6,.263,973,855,128,225,46,4,20,339,120,18,6,93,10,3,177,25,9,6,.340,.396,.737
469,1,2021,6,.262,872,756,121,198,31,2,24,305,113,18,7,97,7,8,153,14,9,3,.350,.403,.753
470,6,2021,6,.257,988,832,130,214,33,1,42,375,123,16,10,116,22,5,151,23,9,9,.360,.451,.810
471,5,2021,6,.254,1037,871,124,221,42,6,18,329,120,15,8,134,13,2,194,19,8,11,.358,.378,.735
472,10,2021,6,.235,931,803,87,189,41,5,19,297,77,22,8,106,11,3,233,22,9,2,.332,.370,.702
473,9,2021,6,.220,871,759,62,167,26,4,8,225,60,9,5,90,11,0,147,12,5,6,.310,.296,.606
474,9,2021,7,.294,229,201,37,59,12,1,6,91,37,5,1,22,2,1,39,4,0,4,.362,.453,.815
475,3,2021,7,.289,276,242,39,70,10,0,10,110,36,8,2,22,5,1,41,4,4,3,.357,.455,.811
476,2,2021,7,.282,203,174,23,49,12,1,4,75,22,2,0,25,2,0,29,6,0,2,.374,.431,.805
477,5,2021,7,.264,284,242,47,64,12,0,5,91,45,6,1,37,4,1,53,1,1,0,.371,.376,.747
478,8,2021,7,.262,282,248,28,65,8,0,3,82,28,3,1,25,3,0,42,7,2,4,.332,.331,.663
479,6,2021,7,.245,398,335,49,82,16,0,9,125,48,4,3,47,9,2,72,10,4,3,.350,.373,.723
480,1,2021,7,.242,260,227,34,55,9,0,6,82,32,1,2,24,2,2,46,5,5,2,.318,.361,.679
481,4,2021,7,.240,152,129,16,31,4,0,1,38,15,1,0,20,1,0,21,4,0,2,.342,.295,.637
482,7,2021,7,.235,173,149,14,35,1,1,5,53,14,1,2,15,5,0,34,4,1,3,.320,.356,.676
483,10,2021,7,.219,303,256,29,56,7,0,4,75,29,2,5,30,7,0,65,5,5,5,.312,.293,.605
484,1,2021,8,.268,693,593,88,159,27,0,14,228,83,14,4,75,11,2,128,9,8,6,.358,.384,.742
485,6,2021,8,.265,556,501,74,133,22,1,23,226,73,9,4,41,6,1,115,14,3,5,.326,.451,.777
486,7,2021,8,.265,554,475,59,126,21,1,13,188,58,20,6,48,15,0,118,8,9,7,.347,.396,.743
487,4,2021,8,.261,598,521,72,136,21,2,11,194,69,11,6,59,9,2,106,12,6,3,.345,.372,.717
488,2,2021,8,.254,601,536,86,136,34,0,14,212,85,4,1,43,12,0,114,18,5,5,.321,.396,.716
489,3,2021,8,.246,653,553,83,136,18,2,9,185,77,19,6,74,9,6,118,13,5,12,.338,.335,.673
490,8,2021,8,.241,603,519,63,125,21,0,10,176,60,3,4,64,9,0,95,13,5,6,.331,.339,.670
491,5,2021,8,.234,616,531,67,124,21,1,10,177,62,4,4,56,13,3,113,14,7,9,.317,.333,.650
492,10,2021,8,.231,678,571,84,132,25,1,10,189,78,19,10,79,11,0,154,15,8,9,.331,.331,.662
493,9,2021,8,.228,538,452,62,103,25,0,9,155,57,6,1,69,8,2,81,13,7,2,.339,.343,.682
494,8,2021,9,.286,1075,942,143,269,57,3,16,380,135,10,5,104,14,2,180,15,7,8,.362,.403,.766
495,6,2021,9,.280,1076,931,141,261,35,3,28,386,133,15,6,110,13,7,186,20,12,10,.361,.415,.776
496,2,2021,9,.272,1037,897,139,244,51,5,20,365,130,21,8,87,28,4,164,29,9,16,.349,.407,.756
497,3,2021,9,.270,1011,882,135,238,40,4,32,382,128,13,10,102,8,1,168,19,7,12,.347,.433,.780
498,5,2021,9,.265,982,854,125,226,44,4,16,326,117,21,2,87,23,4,158,14,6,12,.344,.382,.726
499,10,2021,9,.263,1027,868,126,228,42,3,16,324,120,24,8,124,16,3,230,23,8,11,.361,.373,.734
500,1,2021,9,.256,997,859,128,220,44,1,15,311,121,24,12,107,8,2,196,17,10,12,.340,.362,.702
501,4,2021,9,.253,907,797,112,202,44,1,13,287,101,13,5,76,17,3,157,17,7,10,.328,.360,.688
502,7,2021,9,.243,1013,903,122,219,32,5,31,354,117,18,10,76,19,0,220,19,8,7,.312,.392,.705
503,9,2021,9,.236,1045,915,106,216,30,4,16,302,101,10,6,109,8,1,177,23,6,7,.321,.330,.651
504,8,2021,10,.291,885,796,104,232,46,3,15,329,98,8,2,60,10,7,139,15,11,8,.346,.413,.759
505,5,2021,10,.265,840,752,104,199,33,7,12,282,94,13,1,70,10,1,174,13,5,3,.334,.375,.709
506,9,2021,10,.264,1082,953,109,252,34,3,11,325,105,16,6,101,19,4,179,28,3,6,.345,.341,.686
507,1,2021,10,.262,980,832,97,218,31,3,16,303,91,17,4,110,8,5,172,22,21,9,.350,.364,.715
508,2,2021,10,.251,1011,869,121,218,34,2,13,295,111,20,7,112,11,3,163,16,10,9,.341,.339,.680
509,6,2021,10,.248,879,733,121,182,32,4,27,303,113,18,6,112,14,5,181,12,10,10,.354,.413,.768
510,3,2021,10,.246,773,683,84,168,29,2,11,234,81,10,10,75,5,2,129,17,2,8,.322,.343,.664
511,7,2021,10,.243,1005,893,109,217,35,3,23,327,104,18,12,82,14,5,219,13,10,6,.315,.366,.681
512,4,2021,10,.233,1113,952,122,222,31,1,13,294,114,22,6,117,20,4,213,13,15,9,.327,.309,.636
513,10,2021,10,.219,796,677,80,148,30,1,10,210,71,12,9,92,11,3,195,14,7,9,.318,.310,.628
514,8,2022,4,.265,929,834,98,221,40,2,16,313,94,6,8,69,6,5,170,24,13,7,.323,.375,.698
515,9,2022,4,.261,932,823,103,215,48,4,11,304,96,7,3,87,13,2,177,23,6,3,.340,.369,.710
516,4,2022,4,.249,947,841,105,209,40,5,14,301,95,20,9,75,12,3,164,23,11,8,.316,.358,.674
517,1,2022,4,.244,904,802,91,196,24,2,16,272,82,19,8,74,14,1,199,14,10,4,.318,.339,.657
518,2,2022,4,.243,910,804,90,195,35,2,7,255,82,24,7,76,12,3,167,16,11,7,.315,.317,.632
519,6,2022,4,.242,961,839,113,203,44,5,14,299,109,12,6,85,20,3,184,16,9,8,.324,.356,.680
520,3,2022,4,.239,952,848,105,203,37,4,11,281,96,20,6,74,11,3,171,16,11,8,.306,.331,.637
521,5,2022,4,.231,954,848,88,196,41,5,17,298,84,18,4,73,20,3,181,12,7,6,.305,.351,.657
522,7,2022,4,.230,940,826,85,190,37,1,10,259,80,12,8,81,11,2,195,16,12,10,.304,.314,.617
523,10,2022,4,.225,933,819,85,184,29,2,12,253,77,28,8,94,9,1,224,14,5,6,.309,.309,.618
524,9,2022,5,.284,1047,897,164,255,48,4,30,401,151,19,7,110,20,7,168,23,9,11,.371,.447,.818
525,4,2022,5,.279,1016,893,135,249,39,4,25,371,130,13,9,90,18,3,151,21,6,9,.354,.415,.769
526,3,2022,5,.276,964,861,106,238,40,4,19,343,102,22,4,77,5,10,175,26,12,9,.336,.398,.735
527,7,2022,5,.271,998,884,113,240,55,1,21,360,109,16,9,81,19,5,180,29,6,8,.343,.407,.750
528,6,2022,5,.265,1024,888,128,235,45,5,23,359,118,14,10,95,18,5,196,19,14,9,.345,.404,.749
529,2,2022,5,.259,990,860,132,223,42,1,14,309,118,21,8,100,9,3,157,31,11,10,.339,.359,.698
530,5,2022,5,.257,1019,895,135,230,49,9,16,345,122,12,5,93,13,7,189,14,8,10,.332,.385,.718
531,10,2022,5,.251,985,878,124,220,38,8,22,340,115,16,6,84,7,5,262,18,7,9,.318,.387,.705
532,1,2022,5,.248,1030,890,101,221,36,3,15,308,90,21,6,110,6,5,219,21,15,9,.332,.346,.678
533,8,2022,5,.242,958,868,97,210,28,3,23,313,90,16,11,65,11,2,174,20,8,6,.301,.361,.662
534,2,2022,6,.278,398,349,65,97,17,2,12,154,62,4,4,37,4,1,56,5,3,5,.349,.441,.791
535,3,2022,6,.268,410,366,48,98,18,0,6,134,46,8,1,25,4,2,75,5,11,4,.318,.366,.684
536,10,2022,6,.264,389,349,51,92,23,0,6,133,48,4,9,35,2,0,91,8,0,2,.333,.381,.714
537,4,2022,6,.263,412,353,64,93,14,6,9,146,58,9,3,43,11,1,62,1,4,1,.360,.414,.774
538,8,2022,6,.260,402,366,41,95,18,1,5,130,36,1,3,27,4,3,75,9,4,1,.317,.355,.672
539,5,2022,6,.253,422,360,45,91,7,0,9,125,42,4,0,55,5,0,74,8,0,2,.358,.347,.705
540,1,2022,6,.251,434,378,51,95,21,3,9,149,51,4,4,40,4,2,92,9,8,4,.326,.394,.721
541,9,2022,6,.251,391,351,49,88,13,1,13,142,48,10,1,33,3,0,69,6,2,2,.319,.405,.723
542,7,2022,6,.234,392,351,39,82,19,2,8,129,34,6,2,30,4,1,80,1,4,3,.299,.368,.667
543,6,2022,6,.229,417,367,42,84,12,1,6,116,38,14,1,38,5,0,86,7,3,4,.307,.316,.623
